joystick_x,joystick_y,center_deviation,cursor_in_target,a_in_tolerance,a_deviation,b_in_tolerance,b_deviation,pump_1_flow,pump_2_flow,pump_3_flow,pump_4_flow,pump_5_flow,pump_6_flow,pump_7_flow,pump_8_flow,scale1,scale2,scale3,scale4,event_occured,reacted,signal_detection_0,signal_detection_HIT,signal_detection_MISS
0.0,0.5,1.394005,1,1,-8,1,-8,0,0,0,0,0,0,0,0,3,5,3,5,0,0,1,0,0
0.0,0.5,2.929366,1,1,-9,1,-9,0,0,0,0,0,0,0,0,4,6,4,4,0,0,1,0,0
0.0,0.5,4.530037,1,1,-10,1,-10,0,0,0,0,0,0,0,0,5,5,3,3,0,0,1,0,0
0.0,0.5,6.144846,1,1,-11,1,-11,0,0,0,0,0,0,0,0,4,6,4,4,0,0,1,0,0
0.0,0.5,7.764671,1,1,-12,1,-12,0,0,0,0,0,0,0,0,3,5,5,5,0,0,1,0,0
0.0,0.5,9.386635,1,1,-13,1,-13,0,0,0,0,0,0,0,0,4,6,6,6,0,0,1,0,0
0.0,0.5,11.009531,1,1,-14,1,-14,0,0,0,0,0,0,0,0,5,7,5,5,0,0,1,0,0
0.0,0.5,12.632751,1,1,-15,1,-15,0,0,0,0,0,0,0,0,4,6,4,6,0,0,1,0,0
0.0,0.5,14.255948,1,1,-16,1,-16,0,0,0,0,0,0,0,0,3,7,5,5,0,0,1,0,0
0.0,0.5,15.8789,1,1,-17,1,-17,0,0,0,0,0,0,0,0,4,6,6,6,0,0,1,0,0
0.0,0.5,17.501453,1,1,-18,1,-18,0,0,0,0,0,0,0,0,5,7,5,7,0,0,1,0,0
0.0,0.5,19.123492,1,1,-19,1,-19,0,0,0,0,0,0,0,0,6,6,4,6,0,0,1,0,0
0.0,0.5,20.744927,1,1,-20,1,-20,0,0,0,0,0,0,0,0,5,5,3,7,0,0,1,0,0
-0.25,0.0,22.365682,1,1,-21,1,-21,0,0,0,0,0,0,0,0,4,4,4,6,0,0,1,0,0
-0.75,-1.0,23.426684,1,1,-22,1,-22,0,0,0,0,0,0,0,0,3,5,5,7,0,0,1,0,0
-1.25,-1.5,23.368896,1,1,-23,1,-23,0,0,0,0,0,0,0,0,4,6,4,6,0,0,1,0,0
-1.25,-1.5,22.63825,1,1,-24,1,-24,0,0,0,0,0,0,0,0,3,5,3,5,0,0,1,0,0
-1.25,-1.5,21.907905,1,1,-25,1,-25,0,0,0,0,0,0,0,0,4,4,4,4,0,0,1,0,0
-1.25,-1.5,21.177955,1,1,-26,1,-26,0,0,0,0,0,0,0,0,3,5,5,3,0,0,1,0,0
-1.25,-1.5,20.448514,1,1,-27,1,-27,0,0,0,0,0,0,0,0,4,4,4,4,0,0,1,0,0
-1.25,-1.5,19.719717,1,1,-28,1,-28,0,0,0,0,0,0,0,0,5,3,5,3,0,0,1,0,0
-1.25,-1.5,18.991727,1,1,-29,1,-29,0,0,0,0,0,0,0,0,4,4,6,4,0,0,1,0,0
-1.25,-1.5,18.264741,1,1,-30,1,-30,0,0,0,0,0,0,0,0,3,5,5,5,0,0,1,0,0
-1.25,-1.5,17.538992,1,1,-31,1,-31,0,0,0,0,0,0,0,0,4,4,4,6,0,0,1,0,0
-1.25,-1.5,16.814763,1,1,-32,1,-32,0,0,0,0,0,0,0,0,3,5,5,7,0,0,1,0,0
-1.25,-1.5,16.092393,1,1,-33,1,-33,0,0,0,0,0,0,0,0,4,6,4,6,0,0,1,0,0
-1.25,-1.5,15.372292,1,1,-34,1,-34,0,0,0,0,0,0,0,0,5,7,5,5,0,0,1,0,0
-1.25,-1.5,14.654961,1,1,-35,1,-35,0,0,0,0,0,0,0,0,4,6,4,4,0,0,1,0,0
-1.25,-1.5,13.941006,1,1,-36,1,-36,0,0,0,0,0,0,0,0,5,7,3,3,0,0,1,0,0
-1.25,-1.5,13.231175,1,1,-37,1,-37,0,0,0,0,0,0,0,0,4,6,4,4,0,0,1,0,0
-1.25,-1.5,12.52639,1,1,-38,1,-38,0,0,0,0,0,0,0,0,5,7,5,5,0,0,1,0,0
-1.25,-1.5,11.827796,1,1,-39,1,-39,0,0,0,0,0,0,0,0,6,6,4,4,0,0,1,0,0
-1.25,-1.5,11.13683,1,1,-40,1,-40,0,0,0,0,0,0,0,0,7,7,5,3,0,0,1,0,0
-1.25,-1.5,10.455303,1,1,-41,1,-41,0,0,0,0,0,0,0,0,6,6,6,4,0,0,1,0,0
-1.25,-1.5,9.785521,1,1,-42,1,-42,0,0,0,0,0,0,0,0,7,7,5,5,0,0,1,0,0
-1.25,-1.5,9.130438,1,1,-43,1,-43,0,0,0,0,0,0,0,0,6,6,6,6,0,0,1,0,0
-1.25,-1.5,8.49387,1,1,-44,1,-44,0,0,0,0,0,0,0,0,5,5,7,7,0,0,1,0,0
-1.25,-1.5,7.880763,1,1,-45,1,-45,0,0,0,0,0,0,0,0,6,6,6,6,0,0,1,0,0
-1.25,-1.5,7.297549,1,1,-46,1,-46,0,0,0,0,0,0,0,0,0,0,0,0,0,0,1,0,0
-1.25,-1.5,6.752551,1,1,-47,1,-47,0,0,1,0,0,0,0,0,5,7,5,5,0,0,1,0,0
-1.25,-1.5,6.256407,1,1,-48,1,-47,0,0,1,0,0,0,0,0,6,6,4,4,0,0,1,0,0
-1.25,-1.5,5.822327,1,1,-49,1,-47,0,0,1,0,0,0,0,0,5,7,3,5,0,0,1,0,0
-1.25,-1.5,5.4659,1,1,-50,1,-47,0,0,1,0,0,0,0,0,6,6,4,4,0,0,1,0,0
-1.25,-1.5,5.20395,1,1,-51,1,-47,0,0,1,0,0,0,0,0,5,5,5,5,0,0,1,0,0
-1.25,-1.5,5.052089,1,1,-52,1,-47,0,0,1,0,0,0,0,0,4,6,6,6,0,0,1,0,0
-1.25,-1.5,5.021241,1,1,-53,1,-47,0,0,1,0,0,0,0,0,5,5,7,5,0,0,1,0,0
-1.25,-1.5,5.114528,1,1,-54,1,-47,0,0,1,0,0,0,0,0,4,6,6,6,0,0,1,0,0
-1.25,-1.5,5.326348,1,1,-55,1,-47,0,0,1,0,0,0,0,0,5,7,7,5,0,0,1,0,0
-1.25,-1.5,5.64426,1,1,-56,1,-47,0,0,1,0,0,0,0,0,4,6,6,6,0,0,1,0,0
-1.25,-1.5,6.052418,1,1,-57,1,-47,0,0,1,0,0,0,0,0,3,5,5,7,0,0,1,0,0
-1.25,-1.5,6.534739,1,1,-58,1,-47,0,0,1,0,0,0,0,0,4,4,4,6,0,0,1,0,0
-1.25,-1.5,7.07684,1,1,-59,1,-47,0,0,1,0,0,0,0,0,3,5,3,5,0,0,1,0,0
-1.25,-1.5,7.666771,1,1,-59,1,-47,1,0,1,0,0,0,0,0,4,6,4,4,0,0,1,0,0
-1.25,-1.5,8.295019,1,1,-59,1,-47,1,0,1,0,0,0,0,0,3,5,3,3,0,0,1,0,0
-1.25,-1.5,8.954168,1,1,-59,1,-47,1,0,1,0,0,0,0,0,4,6,4,4,0,0,1,0,0
-1.25,-1.5,9.638498,1,1,-59,1,-47,1,0,1,0,0,0,0,0,5,5,3,3,0,0,1,0,0
-1.25,-1.5,10.343599,1,1,-59,1,-47,1,0,1,0,0,0,0,0,4,4,4,4,0,0,1,0,0
-1.25,-1.5,11.066062,1,1,-59,1,-47,1,0,1,0,0,0,0,0,5,3,3,5,0,0,1,0,0
-1.25,-1.5,11.803236,1,1,-59,1,-47,1,0,1,0,0,0,0,0,6,4,4,6,0,0,1,0,0
-1.25,-1.5,12.553046,1,1,-59,1,-47,1,0,1,0,0,0,0,0,7,5,5,7,0,0,1,0,0
-1.25,-1.5,13.313854,1,1,-59,1,-47,1,0,1,0,0,0,0,0,6,4,4,6,0,0,1,0,0
-1.25,-1.5,14.084357,1,1,-59,1,-47,1,0,1,0,0,0,0,0,5,3,3,5,0,0,1,0,0
-1.25,-1.5,14.863511,1,1,-59,1,-47,1,0,1,0,0,0,0,0,4,4,4,4,0,0,1,0,0
-1.25,-1.5,15.650472,1,1,-59,1,-47,1,0,1,0,0,0,0,0,5,3,3,5,0,0,1,0,0
-1.25,-1.5,16.444556,1,1,-59,1,-47,1,0,1,0,0,0,0,0,4,4,4,4,0,0,1,0,0
-1.25,-1.5,17.245201,1,1,-59,1,-47,1,0,1,0,0,0,0,0,5,3,5,3,0,0,1,0,0
-1.25,-1.5,18.051946,1,1,-59,1,-47,1,0,1,0,0,0,0,0,4,4,4,4,0,0,1,0,0
-1.25,-1.5,18.864412,1,1,-59,1,-47,1,0,1,0,0,0,0,0,3,5,5,3,0,0,1,0,0
-1.25,-1.5,19.682281,1,1,-59,1,-47,1,0,1,0,0,0,0,0,4,6,6,4,0,0,1,0,0
-1.25,-1.5,20.505291,1,1,-59,1,-47,1,0,1,0,0,0,0,0,3,7,7,5,0,0,1,0,0
-1.25,-1.5,21.333222,1,1,-59,1,-47,1,0,1,0,0,0,0,0,4,6,6,4,0,0,1,0,0
-1.25,-1.5,22.165889,1,1,-59,1,-47,1,0,1,0,0,0,0,0,5,5,7,5,0,0,1,0,0
-1.25,-1.5,23.003139,1,1,-59,1,-47,1,0,1,0,0,0,0,0,6,4,6,4,0,0,1,0,0
-1.25,-1.5,23.844842,1,1,-59,1,-47,1,0,1,0,0,0,0,0,5,5,7,3,0,0,1,0,0
-1.25,-1.5,24.690891,1,1,-59,1,-47,1,0,1,0,0,0,0,0,4,6,6,4,0,0,1,0,0
-1.25,-1.5,25.541195,1,1,-59,1,-47,1,0,1,0,0,0,0,0,5,7,5,5,0,0,1,0,0
-1.25,-1.5,26.395679,1,1,-59,1,-47,1,0,1,0,0,0,0,0,4,6,6,6,0,0,1,0,0
-1.25,-1.5,27.254279,1,1,-59,1,-47,1,0,1,0,0,0,0,0,5,7,7,5,0,0,1,0,0
-1.25,-1.5,28.116945,1,1,-59,1,-47,1,0,1,0,0,0,0,0,4,6,6,6,0,0,1,0,0
-0.75,-1.5,28.983635,1,1,-59,1,-47,1,0,1,0,0,0,0,0,5,7,5,7,0,0,1,0,0
-0.75,-1.5,29.48262,1,1,-59,1,-47,1,0,1,0,0,0,0,0,4,6,6,6,0,0,1,0,0
-0.75,-1.5,29.992673,1,1,-59,1,-47,1,0,1,0,0,0,0,0,5,5,5,7,0,0,1,0,0
-0.75,-1.5,30.513476,1,1,-59,1,-47,1,0,1,0,0,0,0,0,6,6,6,6,0,0,1,0,0
-0.25,-0.75,31.044722,1,1,-59,1,-47,1,0,1,0,0,0,0,0,1,5,5,5,0,0,1,0,0
-0.25,-0.75,30.700226,1,1,-59,1,-47,1,0,1,0,0,0,0,0,2,4,6,4,1,0,1,0,0
-0.25,-0.75,30.361776,1,1,-59,1,-47,1,0,1,0,0,0,0,0,1,3,5,3,1,0,1,0,0
-0.25,-0.75,30.02952,1,1,-59,1,-47,1,0,1,0,0,0,0,0,2,4,4,4,1,0,1,0,0
-0.25,-0.75,29.703607,1,1,-59,1,-47,1,0,1,0,0,0,0,0,1,3,3,5,1,0,1,0,0
-0.25,-0.75,29.384192,1,1,-59,1,-47,1,0,1,0,0,0,0,0,0,4,4,4,1,0,1,0,0
-0.25,-0.75,29.07143,1,1,-59,1,-47,1,0,1,0,0,0,0,0,1,5,3,3,1,0,1,0,0
-0.25,-0.75,28.765478,1,1,-59,1,-47,1,0,1,0,0,0,0,0,2,6,4,4,1,0,1,0,0
-0.25,-0.75,28.466497,1,1,-59,1,-47,1,0,1,0,0,0,0,0,1,7,5,5,1,0,1,0,0
-0.25,-0.75,28.174647,1,1,-59,1,-47,1,0,1,0,0,0,0,0,0,6,6,4,1,0,1,0,0
-0.25,-0.75,27.890094,1,1,-59,1,-47,1,0,1,0,0,0,0,0,1,7,7,3,1,0,1,0,0
-0.25,-0.75,27.613001,1,1,-59,1,-47,1,0,1,0,0,0,0,0,2,6,6,4,1,0,1,0,0
-0.25,-0.75,27.343533,1,1,-59,1,-47,1,0,1,0,0,0,0,0,1,7,5,5,1,0,1,0,0
-0.25,-0.75,27.081857,1,1,-59,1,-47,1,0,1,0,0,0,0,0,2,6,4,6,1,0,1,0,0
-0.25,-0.75,26.828139,1,1,-59,1,-47,1,0,1,0,0,0,0,0,1,7,5,7,1,0,1,0,0
-0.25,-0.75,26.582545,1,1,-59,1,-47,1,0,1,0,0,0,0,0,2,6,4,6,1,0,1,0,0
-0.25,-0.75,26.34524,1,1,-59,1,-47,1,0,1,0,0,0,0,0,1,7,3,5,1,0,1,0,0
-0.25,-0.75,26.116388,1,1,-59,1,-47,1,0,1,0,0,0,0,0,2,6,4,4,1,0,1,0,0
-0.25,-0.75,25.896153,1,1,-59,1,-47,1,0,1,0,0,0,0,0,1,7,3,3,1,1,0,1,0
-0.25,-0.75,25.684692,1,1,-59,1,-47,1,0,1,0,0,0,0,0,5,6,4,4,1,0,1,0,0
-0.25,-0.75,25.482165,1,1,-59,1,-47,1,0,1,0,0,0,0,0,0,5,3,5,0,0,1,0,0
-0.25,-0.75,25.288723,1,1,-59,1,-47,1,0,1,0,0,0,0,0,0,4,4,6,0,0,1,0,0
-0.25,-0.75,25.104517,1,1,-59,1,-47,1,0,1,0,0,0,0,0,0,5,5,7,0,0,1,0,0
-0.25,-0.75,24.929691,1,1,-59,1,-47,1,0,1,0,0,0,0,0,0,4,6,6,0,0,1,0,0
-0.25,-0.75,24.764384,1,1,-59,1,-47,1,0,1,0,0,0,0,0,0,3,5,5,0,0,1,0,0
-0.25,-0.75,24.608728,1,1,-59,1,-47,1,0,1,0,0,0,0,0,0,4,4,6,0,0,1,0,0
-0.25,-0.75,24.462849,1,1,-59,1,-47,1,0,1,0,0,0,0,0,0,3,5,5,0,0,1,0,0
-0.25,-0.75,24.326866,1,1,-59,1,-47,1,0,1,0,0,0,0,0,0,4,4,6,0,0,1,0,0
-0.25,-0.75,24.200889,1,1,-59,1,-47,1,0,1,0,0,0,0,0,0,5,5,7,0,0,1,0,0
-0.25,-0.75,24.085019,1,1,-59,1,-47,1,0,1,0,0,0,0,0,0,4,4,6,0,0,1,0,0
-0.25,-0.75,23.979348,1,1,-59,1,-47,1,0,1,0,0,0,0,0,0,3,5,7,0,0,1,0,0
-0.25,-0.75,23.883958,1,1,-59,1,-47,1,0,1,0,0,0,0,0,0,4,6,6,0,0,1,0,0
-0.25,-0.75,23.798921,1,1,-59,1,-47,1,0,1,0,0,0,0,0,0,5,5,5,0,0,1,0,0
-0.25,-0.75,23.724296,1,1,-59,1,-47,1,0,1,0,0,0,0,0,4,6,4,6,0,0,1,0,0
-0.25,-0.75,23.660134,1,1,-59,1,-47,1,0,1,0,0,0,0,0,5,7,3,5,0,0,1,0,0
-0.25,-0.75,23.60647,1,1,-59,1,-47,1,0,1,0,0,0,0,0,6,6,4,4,0,0,1,0,0
-0.25,-0.75,23.563332,1,1,-59,1,-47,1,0,1,0,0,0,0,0,7,5,3,3,0,0,1,0,0
-0.25,-0.75,23.530732,1,1,-59,1,-47,1,0,1,0,0,0,0,0,6,4,4,4,0,0,1,0,0
-0.25,-0.75,23.50867,1,1,-59,1,-47,1,0,1,0,0,0,0,0,5,3,3,3,0,0,1,0,0
-0.25,-0.75,23.497137,1,1,-59,1,-47,1,0,1,0,0,0,0,0,4,4,4,4,0,0,1,0,0
-0.25,-0.75,23.496107,1,1,-59,1,-47,1,0,1,0,0,0,0,0,3,5,5,3,0,0,1,0,0
-0.25,-0.75,23.505545,1,1,-59,1,-47,1,0,1,0,0,0,0,0,4,6,6,4,0,0,1,0,0
-0.25,-0.75,23.525404,1,1,-59,1,-47,1,0,1,0,0,0,0,0,3,7,7,3,0,0,1,0,0
-0.25,-0.75,23.555624,1,1,-59,1,-47,1,0,1,0,0,0,0,0,4,6,6,4,0,0,1,0,0
-0.25,-0.75,23.596135,1,1,-59,1,-47,1,0,1,0,0,0,0,0,5,5,7,5,0,0,1,0,0
-0.25,-0.75,23.646854,1,1,-59,1,-47,1,0,1,0,0,0,0,0,4,4,6,4,0,0,1,0,0
-0.25,-0.75,23.707691,1,1,-59,1,-47,1,0,1,0,0,0,0,0,5,3,7,3,0,0,1,0,0
-0.25,-0.75,23.778544,1,1,-59,1,-47,1,0,1,0,0,0,0,0,6,4,6,4,0,0,1,0,0
-0.25,-0.75,23.859302,1,1,-59,1,-47,1,0,1,0,0,0,0,0,5,5,7,3,0,0,1,0,0
-0.25,-0.75,23.949846,1,1,-59,1,-47,1,0,1,0,0,0,0,0,6,6,6,4,0,0,1,0,0
-0.25,-0.75,24.050049,1,1,-59,1,-47,1,0,1,0,0,0,0,0,7,7,5,5,0,0,1,0,0
-0.25,-0.75,24.159776,1,1,-59,1,-47,1,0,1,0,0,0,0,0,6,6,6,4,0,0,1,0,0
-0.25,-0.75,24.278887,1,1,-59,1,-47,1,0,1,0,0,0,0,0,5,5,5,5,0,0,1,0,0
-0.25,-0.75,24.407237,1,1,-59,1,-47,1,0,1,0,0,0,0,0,4,6,4,6,0,0,1,0,0
-0.25,-0.75,24.544673,1,1,-59,1,-47,1,0,1,0,0,0,0,0,5,5,3,7,0,0,1,0,0
-0.25,-0.75,24.691041,1,1,-59,1,-47,1,0,1,0,0,0,0,0,6,4,4,6,0,0,1,0,0
-0.25,-0.75,24.846181,1,1,-59,1,-47,1,0,1,0,0,0,0,0,5,5,5,7,0,0,1,0,0
-0.25,-0.75,25.009933,1,1,-59,1,-47,1,0,1,0,0,0,0,0,4,6,6,6,0,0,1,0,0
-0.25,-0.75,25.182133,1,1,-59,1,-47,1,0,1,0,0,0,0,0,5,7,7,5,0,0,1,0,0
-0.25,-0.75,25.362616,1,1,-59,1,-47,1,0,1,0,0,0,0,0,6,6,6,6,0,0,1,0,0
-0.25,-0.75,25.551216,1,1,-59,1,-47,1,0,1,0,0,0,0,0,7,7,5,5,0,0,1,0,0
-0.25,-0.75,25.747768,1,1,-59,1,-47,1,0,1,0,0,0,0,0,6,6,4,6,0,0,1,0,0
-0.25,-0.75,25.952107,1,1,-59,1,-47,1,0,1,0,0,0,0,0,5,5,5,7,0,0,1,0,0
-0.25,-0.75,26.164068,1,1,-59,1,-47,1,0,1,0,0,0,0,0,4,4,6,6,0,0,1,0,0
-0.25,-0.75,26.383489,1,1,-59,1,-47,1,0,1,0,0,0,0,0,5,5,7,5,0,0,1,0,0
-0.25,-0.75,26.610208,1,1,-59,1,-47,1,0,1,0,0,0,0,0,4,4,6,6,0,0,1,0,0
-0.25,-0.75,26.844066,1,1,-59,1,-47,1,0,1,0,0,0,0,0,5,3,5,5,0,0,1,0,0
-0.25,-0.75,27.084909,1,1,-59,1,-47,1,0,1,0,0,0,0,0,4,4,4,6,0,0,1,0,0
-0.25,-0.75,27.332583,1,1,-59,1,-47,1,0,1,0,0,0,0,0,3,3,5,7,0,0,1,0,0
-0.25,-0.75,27.586937,1,1,-59,1,-47,1,0,1,0,0,0,0,0,4,4,6,6,0,0,1,0,0
-0.25,-0.75,27.847828,1,1,-59,1,-47,1,0,1,0,0,0,0,0,5,5,5,5,0,0,1,0,0
-3.5,1.5,28.115111,1,1,-59,1,-47,1,0,1,0,0,0,0,0,4,4,4,6,0,0,1,0,0
-3.5,1.5,25.78681,1,1,-59,1,-47,1,0,1,0,0,0,0,0,5,3,5,7,0,0,1,0,0
-3.5,1.5,23.77943,1,1,-59,1,-47,1,0,1,0,0,0,0,0,4,4,6,6,0,0,1,0,0
-3.5,1.5,22.180168,1,1,-59,1,-47,1,0,1,0,0,0,0,0,3,5,5,7,0,0,1,0,0
-3.0,1.75,21.081999,1,1,-59,1,-47,1,0,1,0,0,0,0,0,4,6,6,6,0,0,1,0,0
-1.0,2.0,20.098273,1,1,-59,1,-47,1,0,1,0,0,0,0,0,3,5,7,5,0,0,1,0,0
-1.0,2.0,18.243348,1,1,-59,1,-47,1,0,1,0,0,0,0,0,4,4,6,4,0,0,1,0,0
-1.0,2.0,16.577138,1,1,-59,1,-47,1,0,1,0,0,0,0,0,3,3,7,5,0,0,1,0,0
-1.0,2.0,15.159945,1,1,-59,1,-47,1,0,1,0,0,0,0,0,4,4,6,6,0,0,1,0,0
-1.0,2.0,14.065026,1,1,-59,1,-47,1,0,1,0,0,0,0,0,5,3,5,5,0,0,1,0,0
-1.0,2.0,13.369461,1,1,-59,1,-47,1,0,1,0,0,0,0,0,4,4,4,6,0,0,1,0,0
-1.0,2.0,13.134467,1,1,-59,1,-47,1,0,1,0,0,0,0,0,3,5,5,7,0,0,1,0,0
-1.0,2.0,13.381996,1,1,-59,1,-47,1,0,1,0,0,0,0,0,4,6,4,6,0,0,1,0,0
-1.0,2.0,14.084418,1,1,-59,1,-47,1,0,1,0,0,0,0,0,5,7,5,7,0,0,1,0,0
-1.0,2.0,15.176652,1,1,-59,1,-47,1,0,1,0,0,0,0,0,6,6,4,6,0,0,1,0,0
-1.0,2.0,16.579957,1,1,-59,1,-47,1,0,1,0,0,0,0,0,5,5,3,7,0,0,1,0,0
0.0,0.75,18.220889,1,1,-59,1,-47,1,0,1,0,0,0,0,0,6,6,4,6,0,0,1,0,0
0.0,0.75,18.490234,1,1,-59,1,-47,1,0,1,0,0,0,0,0,5,7,3,5,0,0,1,0,0
0.0,0.75,18.842994,1,1,-59,1,-47,1,0,1,0,0,0,0,0,4,6,4,4,0,0,1,0,0
0.0,0.75,19.273447,1,1,-59,1,-47,1,0,1,0,0,0,0,0,5,7,3,5,0,0,1,0,0
0.0,0.75,19.775406,1,1,-59,1,-47,1,0,1,0,0,0,0,0,4,6,4,6,0,0,1,0,0
0.0,0.75,20.342497,1,1,-59,1,-47,1,0,1,0,0,0,0,0,5,7,3,5,0,0,1,0,0
0.0,-0.25,20.968386,1,1,-59,1,-47,1,0,1,0,0,0,0,0,4,6,4,6,0,0,1,0,0
0.0,-0.5,20.824694,1,1,-59,1,-47,1,0,1,0,0,0,0,0,5,5,5,7,0,0,1,0,0
0.0,-0.75,20.483009,1,1,-59,1,-47,1,0,1,0,0,0,0,0,6,4,4,6,0,0,1,0,0
0.0,-0.75,19.936484,1,1,-59,1,-47,1,0,1,0,0,0,0,0,5,3,3,5,0,0,1,0,0
0.0,-0.75,19.389224,1,1,-59,1,-47,1,0,1,0,0,0,0,0,4,4,4,4,0,0,1,0,0
0.0,-0.75,18.841215,1,1,-59,1,-47,1,0,1,0,0,0,0,0,5,5,3,5,0,0,1,0,0
0.0,-0.75,18.292445,1,1,-59,1,-47,1,0,1,0,0,0,0,0,4,4,4,4,0,0,1,0,0
0.0,-0.75,17.742911,1,1,-59,1,-47,1,0,1,0,0,0,0,0,3,3,5,3,0,0,1,0,0
0.0,-0.75,17.192612,1,1,-59,1,-47,1,0,1,0,0,0,0,0,4,4,6,4,0,0,1,0,0
0.0,-0.75,16.641555,1,1,-59,1,-47,1,0,1,0,0,0,0,0,3,5,7,3,0,0,1,0,0
0.0,-0.75,16.089756,1,1,-59,1,-47,1,0,1,0,0,0,0,0,4,6,6,4,0,0,1,0,0
0.0,-0.75,15.537237,1,1,-59,1,-47,1,0,1,0,0,0,0,0,5,5,5,5,0,0,1,0,0
0.0,-0.75,14.984035,1,1,-59,1,-47,1,0,1,0,0,0,0,0,4,4,6,4,0,0,1,0,0
0.0,-0.75,14.430198,1,1,-59,1,-47,1,0,1,0,0,0,0,0,3,3,7,3,0,0,1,0,0
0.0,-0.75,13.87579,1,1,-59,1,-47,1,0,1,0,0,0,0,0,4,4,6,4,0,0,1,0,0
0.0,-0.75,13.320894,1,1,-59,1,-47,1,0,1,0,0,0,0,0,3,5,7,3,0,0,1,0,0
0.0,-0.75,12.765619,1,1,-59,1,-47,1,0,1,0,0,0,0,0,4,4,6,4,0,0,1,0,0
0.0,-0.75,12.2101,1,1,-59,1,-47,1,0,1,0,0,0,0,0,3,5,7,3,0,0,1,0,0
0.0,-0.75,11.65451,1,1,-59,1,-47,1,0,1,0,0,0,0,0,4,6,6,4,0,0,1,0,0
0.0,-0.75,11.099068,1,1,-59,1,-47,1,0,1,0,0,0,0,0,3,5,7,5,0,0,1,0,0
0.0,-0.75,10.544049,1,1,-59,1,-47,1,0,1,0,0,0,0,0,4,4,6,4,0,0,1,0,0
0.0,-0.75,9.989801,1,1,-59,1,-47,1,0,1,0,0,0,0,0,3,3,7,5,0,0,1,0,0
0.0,-0.75,9.436768,1,1,-59,1,-47,1,0,1,0,0,0,0,0,4,4,6,6,0,0,1,0,0
0.0,-0.75,8.885516,1,1,-59,1,-47,1,0,1,0,0,0,0,0,5,3,7,5,0,0,1,0,0
0.0,-0.75,8.336777,1,1,-59,1,-47,1,0,1,0,0,0,0,0,6,4,6,6,0,0,1,0,0
0.0,-0.75,7.791501,1,1,-59,1,-47,1,0,1,0,0,0,0,0,5,5,7,5,0,0,1,0,0
0.0,-0.75,7.250937,1,1,-59,1,-47,1,0,1,0,0,0,0,0,4,6,6,6,0,0,1,0,0
-2.0,1.25,6.716747,1,1,-59,1,-47,1,0,1,0,0,0,0,0,5,7,5,5,0,0,1,0,0
-2.0,1.25,8.587578,1,1,-59,1,-47,1,0,1,0,0,0,0,0,6,6,4,6,0,0,1,0,0
-2.0,1.25,10.592257,1,1,-59,1,-47,1,0,1,0,0,0,0,0,7,5,3,5,0,0,1,0,0
-2.0,1.25,12.666775,1,1,-59,1,-47,1,0,1,0,0,0,0,0,6,4,4,6,0,0,1,0,0
-2.0,1.25,14.781235,1,1,-59,1,-47,1,0,1,0,0,0,0,0,7,5,5,7,0,0,1,0,0
-2.0,1.25,16.920219,1,1,-59,1,-47,1,0,1,0,0,0,0,0,6,6,6,6,0,0,1,0,0
-2.0,1.25,19.075087,1,1,-59,1,-47,1,0,1,0,0,0,0,0,5,5,5,5,0,0,1,0,0
-2.0,1.25,21.24066,1,1,-59,1,-47,1,0,1,0,0,0,0,0,6,6,4,4,0,0,1,0,0
-2.25,1.25,23.41366,1,1,-59,1,-47,1,0,1,0,0,0,0,0,7,7,5,3,0,0,1,0,0
-2.25,1.25,25.747,1,1,-59,1,-47,1,0,1,0,0,0,0,0,6,6,6,4,0,0,1,0,0
-1.5,0.75,28.0908,1,1,-59,1,-47,1,0,1,0,0,0,0,0,5,7,5,5,0,0,1,0,0
-1.0,0.25,29.575303,1,1,-59,1,-47,1,0,1,0,0,0,0,0,4,6,6,4,0,0,1,0,0
-0.75,-0.5,30.355096,1,1,-59,1,-47,1,0,1,0,0,0,0,0,3,5,5,3,0,0,1,0,0
-0.5,-1.5,30.405888,1,1,-59,1,-47,1,0,1,0,0,0,0,0,4,4,6,4,0,0,1,0,0
-0.5,-1.5,29.561604,1,1,-59,1,-47,1,0,1,0,0,0,0,0,3,3,7,3,0,0,1,0,0
-0.5,-1.5,28.750821,1,1,-59,1,-47,1,0,1,0,0,0,0,0,4,4,6,4,0,0,1,0,0
-0.5,-1.5,27.977282,1,1,-59,1,-47,1,0,1,0,0,0,0,0,3,5,5,3,0,0,1,0,0
-0.5,-1.5,27.245017,1,1,-59,1,-47,1,0,1,0,0,0,0,0,4,6,6,4,0,0,1,0,0
-0.5,-1.5,26.55833,1,1,-59,1,-47,1,0,1,0,0,0,0,0,3,7,7,5,0,0,1,0,0
-0.5,-1.5,25.921758,1,1,-59,1,-47,1,0,1,0,0,0,0,0,4,6,6,4,0,0,1,0,0
-0.5,-1.5,25.340022,1,1,-59,1,-47,1,0,1,0,0,0,0,0,5,5,5,3,0,0,1,0,0
-0.5,-1.5,24.817949,1,1,-59,1,-47,1,0,1,0,0,0,0,0,4,6,6,4,0,0,1,0,0
-0.5,-1.5,24.36037,1,1,-59,1,-47,1,0,1,0,0,0,0,0,3,7,5,3,0,0,1,0,0
-0.5,-1.5,23.971998,1,1,-59,1,-47,1,0,1,0,0,0,0,0,4,6,4,4,0,0,1,0,0
-0.5,-1.5,23.657281,1,1,-59,1,-47,1,0,1,0,0,0,0,0,3,7,5,3,0,0,1,0,0
-0.5,-1.5,23.420243,1,1,-59,1,-47,1,0,1,0,0,0,0,0,4,6,6,4,0,0,1,0,0
-0.5,-1.5,23.264332,1,1,-59,1,-47,1,0,1,0,0,0,0,0,5,7,7,3,0,0,1,0,0
-0.5,-1.5,23.192263,1,1,-59,1,-47,1,0,1,0,0,0,0,0,4,6,6,4,0,0,1,0,0
-0.5,-1.5,23.205906,1,1,-59,1,-47,1,0,1,0,0,0,0,0,3,5,7,3,0,0,1,0,0
-0.25,-1.5,23.3062,1,1,-59,1,-47,1,0,1,0,0,0,0,0,4,6,6,4,0,0,1,0,0
-0.25,-1.5,23.243124,1,1,-59,1,-47,1,0,1,0,0,0,0,0,3,5,7,3,0,0,1,0,0
-0.25,-1.5,23.266688,1,1,-59,1,-47,1,0,1,0,0,0,0,0,4,6,6,4,0,0,1,0,0
-0.25,-1.5,23.377619,1,1,-59,1,-47,1,0,1,0,0,0,0,0,5,7,7,5,0,0,1,0,0
0.0,-0.75,23.575672,1,1,-59,1,-47,1,0,1,0,0,0,0,0,6,6,6,6,0,0,1,0,0
0.0,-0.75,23.447899,1,1,-59,1,-47,1,0,1,0,0,0,0,0,7,5,5,5,0,0,1,0,0
0.0,-0.75,23.345863,1,1,-59,1,-47,1,0,1,0,0,0,0,0,6,6,4,6,0,0,1,0,0
0.0,-0.75,23.270264,1,1,-59,1,-47,1,0,1,0,0,0,0,0,7,7,5,7,0,0,1,0,0
0.0,-0.75,23.221731,1,1,-59,1,-47,1,0,1,0,0,0,0,0,6,6,4,6,0,0,1,0,0
0.0,-0.75,23.200809,1,1,-59,1,-47,1,0,1,0,0,0,0,0,5,5,5,5,0,0,1,0,0
0.0,-0.75,23.207952,1,1,-59,1,-47,1,0,1,0,0,0,0,0,6,6,6,6,0,0,1,0,0
0.0,-0.75,23.24352,1,1,-59,1,-47,1,0,1,0,0,0,0,0,5,7,5,5,0,0,1,0,0
0.0,-0.75,23.307773,1,1,-59,1,-47,1,0,1,0,0,0,0,0,6,6,4,6,0,0,1,0,0
0.0,-0.75,23.40087,1,1,-59,1,-47,1,0,1,0,0,0,0,0,5,7,5,7,0,0,1,0,0
0.0,-0.75,23.522866,1,1,-59,1,-47,1,0,1,0,0,0,0,0,4,6,4,6,0,0,1,0,0
0.0,-0.75,23.673713,1,1,-59,1,-47,1,0,1,0,0,0,0,0,5,7,3,5,0,0,1,0,0
0.0,-0.75,23.85327,1,1,-59,1,-47,1,0,1,0,0,0,0,0,6,6,4,6,0,0,1,0,0
0.0,-0.75,24.061297,1,1,-59,1,-47,1,0,1,0,0,0,0,0,7,5,3,7,0,0,1,0,0
0.0,-0.75,24.297469,1,1,-59,1,-47,1,0,1,0,0,0,0,0,6,6,4,6,0,0,1,0,0
0.0,-0.5,24.561383,1,1,-59,1,-47,1,0,1,0,0,0,0,0,7,5,5,7,0,0,1,0,0
0.0,-0.5,24.6976,1,1,-59,1,-47,1,0,1,0,0,0,0,0,6,4,6,6,0,0,1,0,0
0.0,-0.5,24.851003,1,1,-59,1,-47,1,0,1,0,0,0,0,0,7,3,7,5,0,0,1,0,0
0.0,-0.5,25.021523,1,1,-59,1,-47,1,0,1,0,0,0,0,0,6,4,6,4,0,0,1,0,0
0.0,-0.5,25.209062,1,1,-59,1,-47,1,0,1,0,0,0,0,0,5,3,7,5,0,0,1,0,0
0.0,-0.5,25.413499,1,1,-59,1,-47,1,0,1,0,0,0,0,0,4,4,6,6,0,0,1,0,0
0.0,-0.5,25.634684,1,1,-59,1,-47,1,0,1,0,0,0,0,0,3,3,5,5,0,0,1,0,0
0.0,-0.5,25.872448,1,1,-59,1,-47,1,0,1,0,0,0,0,0,4,4,4,4,0,0,1,0,0
0.0,-0.5,26.126599,1,1,-59,1,-47,1,0,1,0,0,0,0,0,5,5,5,3,0,0,1,0,0
0.0,-0.5,26.396926,1,1,-59,1,-47,1,0,1,0,0,0,0,0,6,4,6,4,0,0,1,0,0
0.0,-0.5,26.683204,1,1,-59,1,-47,1,0,1,0,0,0,0,0,5,5,7,3,0,0,1,0,0
0.0,-0.5,26.98519,1,1,-59,1,-47,1,0,1,0,0,0,0,0,6,4,6,4,0,0,1,0,0
0.0,-0.5,27.302634,1,1,-59,1,-47,1,0,1,0,0,0,0,0,7,3,7,5,0,0,1,0,0
0.0,-0.5,27.63527,1,1,-59,1,-47,1,0,1,0,0,0,0,0,6,4,6,6,0,0,1,0,0
0.0,-0.5,27.982829,1,1,-59,1,-47,1,0,1,0,0,0,0,0,5,3,7,5,0,0,1,0,0
0.0,-0.5,28.345032,1,1,-59,1,-47,1,0,1,0,0,0,0,0,6,4,6,4,0,0,1,0,0
0.0,-0.5,28.721599,1,1,-59,1,-47,1,0,1,0,0,0,0,0,7,5,7,3,0,0,1,0,0
0.0,-0.5,29.112244,1,1,-59,1,-47,1,0,1,0,0,0,0,0,6,4,6,4,0,0,1,0,0
0.0,-0.5,29.516681,1,1,-59,1,-47,1,0,1,0,0,0,0,0,7,5,7,5,0,0,1,0,0
0.0,-0.5,29.934625,1,1,-59,1,-47,1,0,1,0,0,0,0,0,6,4,6,6,0,0,1,0,0
0.0,-0.5,30.365793,1,1,-59,1,-47,1,0,1,0,0,0,0,0,7,3,7,7,0,0,1,0,0
0.0,-0.5,30.809901,1,1,-59,1,-47,1,0,1,0,0,0,0,0,6,4,6,6,0,0,1,0,0
0.0,-0.5,31.266673,1,1,-59,1,-47,1,0,1,0,0,0,0,0,5,5,7,5,0,0,1,0,0
0.0,-0.5,31.735833,1,1,-59,1,-47,1,0,1,0,0,0,0,0,6,6,6,6,0,0,1,0,0
0.0,-0.5,32.217115,1,1,-59,1,-47,1,0,1,0,0,0,0,0,5,5,5,7,0,0,1,0,0
0.0,-0.5,32.710255,1,1,-59,1,-47,1,0,1,0,0,0,0,0,6,4,6,6,0,0,1,0,0
0.0,-0.5,33.214995,1,1,-59,1,-47,1,0,1,0,0,0,0,0,5,3,5,5,0,0,1,0,0
0.0,-0.5,33.731087,1,1,-59,1,-47,1,0,1,0,0,0,0,0,4,4,4,6,0,0,1,0,0
0.0,-0.5,34.258288,1,1,-59,1,-47,1,0,1,0,0,0,0,0,3,5,5,5,0,0,1,0,0
0.0,-0.5,34.796361,1,1,-59,1,-47,1,0,1,0,0,0,0,0,4,4,6,4,0,0,1,0,0
0.0,-0.5,35.345078,1,1,-59,1,-47,1,0,1,0,0,0,0,0,3,3,5,3,0,0,1,0,0
0.0,-0.5,35.904218,1,1,-59,1,-47,1,0,1,0,0,0,0,0,4,4,4,4,0,0,1,0,0
0.0,-0.5,36.473569,1,1,-59,1,-47,1,0,1,0,0,0,0,0,3,5,3,3,0,0,1,0,0
0.0,-0.5,37.052923,1,1,-59,1,-47,1,0,1,0,0,0,0,0,4,6,4,4,0,0,1,0,0
0.0,-0.5,37.642084,1,1,-59,1,-47,1,0,1,0,0,0,0,0,3,7,5,3,0,0,1,0,0
0.0,-0.5,38.240861,1,1,-59,1,-47,1,0,1,0,0,0,0,0,4,6,6,4,0,0,1,0,0
0.0,-0.5,38.849069,1,1,-59,1,-47,1,0,1,0,0,0,0,0,5,7,5,5,0,0,1,0,0
0.0,-0.5,39.466533,1,1,-59,1,-47,1,0,1,0,0,0,0,0,6,6,6,6,0,0,1,0,0
0.0,-0.5,40.093084,1,1,-59,1,-47,1,0,1,0,0,0,0,0,7,5,7,7,0,0,1,0,0
0.0,-0.5,40.728559,1,1,-59,1,-47,1,0,1,0,0,0,0,0,6,6,6,6,0,0,1,0,0
0.0,0.5,41.372803,1,1,-59,1,-47,1,0,1,0,0,0,0,0,7,7,5,7,0,0,1,0,0
0.0,0.5,41.086892,1,1,-59,1,-47,1,0,1,0,0,0,0,0,6,6,6,6,0,0,1,0,0
0.0,2.0,40.807499,1,1,-59,1,-47,1,0,1,0,0,0,0,0,5,7,7,7,0,0,1,0,0
0.0,2.25,39.133522,1,1,-59,1,-47,1,0,1,0,0,0,0,0,6,6,6,6,0,0,1,0,0
0.0,2.25,37.244044,1,1,-59,1,-47,1,0,1,0,0,0,0,0,7,5,7,7,0,0,1,0,0
0.0,2.25,35.375447,1,1,-59,1,-47,1,0,1,0,0,0,0,0,6,6,6,6,0,0,1,0,0
0.0,2.25,33.530225,1,1,-59,1,-47,1,0,1,0,0,0,0,0,5,5,7,7,0,0,1,0,0
0.0,2.25,31.71141,1,1,-59,1,-47,1,0,1,0,0,0,0,0,6,4,6,6,0,0,1,0,0
0.0,1.75,29.922713,1,1,-59,1,-47,1,0,1,0,0,0,0,0,5,3,7,7,0,0,1,0,0
0.0,1.25,28.603342,1,1,-59,1,-47,1,0,1,0,0,0,0,0,6,4,6,6,0,0,1,0,0
0.0,1.25,27.738706,1,1,-59,1,-47,1,0,1,0,0,0,0,0,7,3,7,7,0,0,1,0,0
0.0,1.25,26.889085,1,1,-59,1,-47,1,0,1,0,0,0,0,0,6,4,6,6,0,0,1,0,0
0.0,1.25,26.055328,1,1,-59,1,-47,1,0,1,0,0,0,0,0,7,3,5,7,0,0,1,0,0
0.0,1.25,25.238373,1,1,-59,1,-47,1,0,1,0,0,0,0,0,6,4,4,6,0,0,1,0,0
0.0,1.25,24.439256,1,1,-59,1,-47,1,0,1,0,0,0,0,0,5,3,3,5,0,0,1,0,0
0.0,1.25,23.659123,1,1,-59,1,-47,1,0,1,0,0,0,0,0,4,4,4,6,0,0,1,0,0
0.0,1.25,22.899237,1,1,-59,1,-47,1,0,1,0,0,0,0,0,3,5,5,7,0,0,1,0,0
0.0,1.25,22.160987,1,1,-59,1,-47,1,0,1,0,0,0,0,0,4,4,4,6,0,0,1,0,0
0.0,1.25,21.445901,1,1,-59,1,-47,1,0,1,0,0,0,0,0,3,3,5,7,0,0,1,0,0
0.0,1.25,20.755649,1,1,-59,1,-47,1,0,1,0,0,0,0,0,4,4,4,6,0,0,1,0,0
0.0,1.25,20.092051,1,1,-59,1,-47,1,0,1,0,0,0,0,0,3,3,3,5,0,0,1,0,0
0.0,1.25,19.457082,1,1,-59,1,-47,1,0,1,0,0,0,0,0,4,4,4,6,0,0,1,0,0
0.0,1.25,18.852862,1,1,-59,1,-47,1,0,1,0,0,0,0,0,5,5,3,5,0,0,1,0,0
0.0,1.25,18.281658,1,1,-59,1,-47,1,0,1,0,0,0,0,0,4,6,4,4,0,0,1,0,0
0.0,1.25,17.745857,1,1,-59,1,-47,1,0,1,0,0,0,0,0,5,5,5,3,0,0,1,0,0
0.0,1.25,17.247948,1,1,-59,1,-47,1,0,1,0,0,0,0,0,6,4,4,4,0,0,1,0,0
0.0,1.25,16.790476,1,1,-59,1,-47,1,0,1,0,0,0,0,0,5,5,3,5,0,0,1,0,0
0.0,1.25,16.375996,1,1,-59,1,-47,1,0,1,0,0,0,0,0,4,6,4,6,0,0,1,0,0
0.0,1.25,16.007004,1,1,-59,1,-47,1,0,1,0,0,0,0,0,3,5,5,5,0,0,1,0,0
0.0,1.25,15.68586,1,1,-59,1,-47,1,0,1,0,0,0,0,0,4,6,4,6,0,0,1,0,0
0.0,1.25,15.414699,1,1,-59,1,-47,1,0,1,0,0,0,0,0,3,5,3,5,0,0,1,0,0
0.0,1.25,15.195343,1,1,-59,1,-47,1,0,1,0,0,0,0,0,4,4,4,4,0,0,1,0,0
0.0,1.25,15.029205,1,1,-59,1,-47,1,0,1,0,0,0,0,0,3,5,5,3,0,0,1,0,0
0.0,1.25,14.917214,1,1,-59,1,-47,1,0,1,0,0,0,0,0,4,4,4,4,0,0,1,0,0
0.0,1.25,14.859755,1,1,-59,1,-47,1,0,1,0,0,0,0,0,3,3,3,3,0,0,1,0,0
0.0,1.25,14.856629,1,1,-59,1,-47,1,0,1,0,0,0,0,0,4,4,4,4,0,0,1,0,0
0.0,1.25,14.907055,1,1,-59,1,-47,1,0,1,0,0,0,0,0,5,5,5,5,0,0,1,0,0
0.0,1.25,15.009695,1,1,-59,1,-47,1,0,1,0,0,0,0,0,4,6,6,4,0,0,1,0,0
0.0,1.25,15.162708,1,1,-59,1,-47,1,0,1,0,0,0,0,0,5,7,5,5,0,0,1,0,0
0.0,1.25,15.363831,1,1,-59,1,-47,1,0,1,0,0,0,0,0,6,6,4,6,0,0,1,0,0
0.0,1.25,15.610468,1,1,-59,1,-47,1,0,1,0,0,0,0,0,7,5,3,7,0,0,1,0,0
0.0,1.25,15.899791,1,1,-59,1,-47,1,0,1,0,0,0,0,0,6,4,4,6,0,0,1,0,0
0.0,1.25,16.228828,1,1,-59,1,-47,1,0,1,0,0,0,0,0,5,3,5,5,0,0,1,0,0
0.0,1.25,16.594557,1,1,-59,1,-47,1,0,1,0,0,0,0,0,4,4,4,4,0,0,1,0,0
0.0,0.5,16.993971,1,1,-59,1,-47,1,0,1,0,0,0,0,0,3,3,5,5,0,0,1,0,0
0.0,0.5,17.123867,1,1,-59,1,-47,1,0,1,0,0,0,0,0,4,4,6,4,0,0,1,0,0
0.0,0.5,17.255438,1,1,-59,1,-47,1,0,1,0,0,0,0,0,3,3,5,5,0,0,1,0,0
0.0,0.5,17.388685,1,1,-59,1,-47,1,0,1,0,0,0,0,0,4,4,4,6,0,0,1,0,0
0.0,0.5,17.523619,1,1,-59,1,-47,1,0,1,0,0,0,0,0,5,3,3,7,0,0,1,0,0
0.0,0.5,17.660252,1,1,-59,1,-47,1,0,1,0,0,0,0,0,6,4,4,6,0,0,1,0,0
0.0,0.5,17.798607,1,1,-59,1,-47,1,0,1,0,0,0,0,0,7,5,5,5,0,0,1,0,0
0.0,0.5,17.938707,1,1,-59,1,-47,1,0,1,0,0,0,0,0,6,6,4,6,0,0,1,0,0
0.0,0.5,18.080584,1,1,-59,1,-47,1,0,1,0,0,0,0,0,5,7,3,5,0,0,1,0,0
0.0,0.5,18.224273,1,1,-59,1,-47,1,0,1,0,0,0,0,0,6,6,4,4,0,0,1,0,0
0.0,0.5,18.369814,1,1,-59,1,-47,1,0,1,0,0,0,0,0,7,5,5,5,0,0,1,0,0
0.0,0.5,18.51725,1,1,-59,1,-47,1,0,1,0,0,0,0,0,6,4,4,4,0,0,1,0,0
0.0,0.5,18.666629,1,1,-59,1,-47,1,0,1,0,0,0,0,0,5,5,5,3,0,0,1,0,0
0.0,0.5,18.818003,1,1,-59,1,-47,1,0,1,0,0,0,0,0,6,6,4,4,0,0,1,0,0
0.0,0.5,18.971426,1,1,-59,1,-47,1,0,1,0,0,0,0,0,7,7,3,3,0,0,1,0,0
0.0,0.5,19.126956,1,1,-59,1,-47,1,0,1,0,0,0,0,0,6,6,4,4,0,0,1,0,0
0.0,0.5,19.284655,1,1,-59,1,-47,1,0,1,0,0,0,0,0,5,5,3,3,0,0,1,0,0
0.0,0.5,19.444585,1,1,-59,1,-47,1,0,1,0,0,0,0,0,6,6,4,4,0,0,1,0,0
0.0,0.5,19.606813,1,1,-59,1,-47,1,0,1,0,0,0,0,0,5,5,5,5,0,0,1,0,0
0.0,0.5,19.771407,1,1,-59,1,-47,1,0,1,0,0,0,0,0,4,6,6,4,0,0,1,0,0
0.0,0.5,19.938437,1,1,-59,1,-47,1,0,1,0,0,0,0,0,3,5,7,5,0,0,1,0,0
0.0,0.5,20.107974,1,1,-59,1,-47,1,0,1,0,0,0,0,0,4,4,6,6,0,0,1,0,0
0.0,0.5,20.280093,1,1,-59,1,-47,1,0,1,0,0,0,0,0,5,3,7,7,0,0,1,0,0
0.0,0.5,20.454867,1,1,-59,1,-47,1,0,1,0,0,0,0,0,6,4,6,6,0,0,1,0,0
0.0,0.5,20.632374,1,1,-59,1,-47,1,0,1,0,0,0,0,0,5,5,7,7,0,0,1,0,0
0.0,0.5,20.812689,1,1,-59,1,-47,1,0,1,0,0,0,0,0,6,4,6,6,0,0,1,0,0
0.0,0.5,20.99589,1,1,-59,1,-47,1,0,1,0,0,0,0,0,5,3,7,7,0,0,1,0,0
0.0,0.5,21.182055,1,1,-59,1,-47,1,0,1,0,0,0,0,0,4,4,6,6,0,0,1,0,0
0.0,0.5,21.371262,1,1,-59,1,-47,1,0,1,0,0,0,0,0,5,5,5,7,0,0,1,0,0
0.0,0.5,21.563589,1,1,-59,1,-47,1,0,1,0,0,0,0,0,4,4,4,6,0,0,1,0,0
0.0,0.5,21.759116,1,1,-59,1,-47,1,0,1,0,0,0,0,0,3,3,5,7,0,0,1,0,0
0.0,0.5,21.957919,1,1,-59,1,-47,1,0,1,0,0,0,0,0,4,4,6,6,0,0,1,0,0
0.0,0.5,22.160078,1,1,-59,1,-47,1,0,1,0,0,0,0,0,5,5,7,5,0,0,1,0,0
0.0,0.5,22.365669,1,1,-59,1,-47,1,0,1,0,0,0,0,0,4,4,6,6,0,0,1,0,0
0.0,0.5,22.574769,1,1,-59,1,-47,1,0,1,0,0,0,0,0,3,3,7,7,0,0,1,0,0
0.0,0.5,22.787454,1,1,-59,1,-47,1,0,1,0,0,0,0,0,4,4,6,6,0,0,1,0,0
0.0,0.5,23.003798,1,1,-59,1,-47,1,0,1,0,0,0,0,0,3,3,7,5,0,0,1,0,0
0.0,0.5,23.223876,1,1,-59,1,-47,1,0,1,0,0,0,0,0,4,4,6,6,0,0,1,0,0
0.0,0.5,23.44776,1,1,-59,1,-47,1,0,1,0,0,0,0,0,5,5,7,7,0,0,1,0,0
0.0,0.5,23.675521,1,1,-59,1,-47,1,0,1,0,0,0,0,0,6,6,6,6,0,0,1,0,0
0.0,0.5,23.907229,1,1,-59,1,-47,1,0,1,0,0,0,0,0,5,7,7,5,0,0,1,0,0
0.0,0.5,24.142952,1,1,-59,1,-47,1,0,1,0,0,0,0,0,6,6,6,4,0,0,1,0,0
0.0,0.5,24.382756,1,1,-59,1,-47,1,0,1,0,0,0,0,0,7,7,7,5,0,0,1,0,0
0.0,0.5,24.626708,1,1,-59,1,-47,1,0,1,0,0,0,0,0,6,6,6,4,0,0,1,0,0
0.0,0.5,24.874869,1,1,-59,1,-47,1,0,1,0,0,0,0,0,7,7,5,5,0,0,1,0,0
0.0,0.5,25.127302,1,1,-59,1,-47,1,0,1,0,0,0,0,0,6,6,6,6,0,0,1,0,0
0.0,0.5,25.384065,1,1,-59,1,-47,1,0,1,0,0,0,0,0,7,7,7,7,0,0,1,0,0
0.0,0.5,25.645215,1,1,-59,1,-47,1,0,1,0,0,0,0,0,6,6,6,6,0,0,1,0,0
0.0,0.5,25.910808,1,1,-59,1,-47,1,0,1,0,0,0,0,0,7,7,5,7,0,0,1,0,0
0.0,0.5,26.180897,1,1,-59,1,-47,1,0,1,0,0,0,0,0,6,6,6,6,0,0,1,0,0
0.0,0.0,26.455533,1,1,-59,1,-47,1,0,1,0,0,0,0,0,7,5,7,5,0,0,1,0,0
0.0,-0.25,26.675025,1,1,-59,1,-47,1,0,1,0,0,0,0,0,6,4,6,4,0,0,1,0,0
0.0,-0.25,26.895998,1,1,-59,1,-47,1,0,1,0,0,0,0,0,7,5,7,5,0,0,1,0,0
0.0,-0.25,27.153315,1,1,-59,1,-47,1,0,1,0,0,0,0,0,6,6,6,4,0,0,1,0,0
0.0,-0.25,27.44646,1,1,-59,1,-47,1,0,1,0,0,0,0,0,5,7,5,5,0,0,1,0,0
0.0,-0.25,27.774796,1,1,-59,1,-47,1,0,1,0,0,0,0,0,4,6,6,6,0,0,1,0,0
0.0,-0.25,28.137585,1,1,-59,1,-47,1,0,1,0,0,0,0,0,5,7,5,5,0,0,1,0,0
0.0,-0.25,28.533996,1,1,-59,1,-47,1,0,1,0,0,0,0,0,6,6,6,4,0,0,1,0,0
0.0,-0.25,28.963125,1,1,-59,1,-47,1,0,1,0,0,0,0,0,7,7,5,5,0,0,1,0,0
0.0,-0.25,29.424009,1,1,-59,1,-47,1,0,1,0,0,0,0,0,6,6,6,4,0,0,1,0,0
0.0,-0.25,29.915638,1,1,-59,1,-47,1,0,1,0,0,0,0,0,5,7,5,3,0,0,1,0,0
0.0,-0.25,30.436974,1,1,-59,1,-47,1,0,1,0,0,0,0,0,4,6,4,4,0,0,1,0,0
0.0,-0.25,30.986957,1,1,-59,1,-47,1,0,1,0,0,0,0,0,3,5,3,3,0,0,1,0,0
0.0,-0.25,31.564523,1,1,-59,1,-47,1,0,1,0,0,0,0,0,4,4,4,4,0,0,1,0,0
0.0,0.0,32.168608,1,1,-59,1,-47,1,0,1,0,0,0,0,0,3,5,5,3,0,0,1,0,0
0.0,0.0,32.720551,1,1,-59,1,-47,1,0,1,0,0,0,0,0,4,4,4,4,0,0,1,0,0
0.0,0.0,33.287062,1,1,-59,1,-47,1,0,1,0,0,0,0,0,5,5,5,3,0,0,1,0,0
0.0,1.0,33.867729,1,1,-59,1,-47,1,0,1,0,0,0,0,0,6,4,4,4,0,0,1,0,0
0.0,1.0,34.120258,1,1,-59,1,-47,1,0,1,0,0,0,0,0,7,3,3,3,0,0,1,0,0
0.0,1.0,34.381263,1,1,-59,1,-47,1,0,1,0,0,0,0,0,6,4,4,4,0,0,1,0,0
0.0,1.0,34.650563,1,1,-59,1,-47,1,0,1,0,0,0,0,0,5,3,5,5,0,0,1,0,0
0.0,1.0,34.927983,1,1,-59,1,-47,1,0,1,0,0,0,0,0,6,4,6,4,0,0,1,0,0
0.0,0.5,35.213345,1,1,-59,1,-47,1,0,1,0,0,0,0,0,7,3,5,5,0,0,1,0,0
0.0,0.5,35.649472,1,1,-59,1,-47,1,0,1,0,0,0,0,0,6,4,4,4,0,0,1,0,0
0.0,0.5,36.090259,1,1,-59,1,-47,1,0,1,0,0,0,0,0,5,3,3,3,0,0,1,0,0
0.0,0.25,36.535695,1,1,-59,1,-47,1,0,1,0,0,0,0,0,6,4,4,4,0,0,1,0,0
0.0,0.25,37.062145,1,1,-59,1,-47,1,0,1,0,0,0,0,0,7,5,5,3,0,0,1,0,0
0.0,0.25,37.596341,1,1,-59,1,-47,1,0,1,0,0,0,0,0,6,4,6,4,0,0,1,0,0
0.0,1.0,38.138175,1,1,-59,1,-47,1,0,1,0,0,0,0,0,7,5,5,3,0,0,1,0,0
0.0,1.0,38.442475,1,1,-59,1,-47,1,0,1,0,0,0,0,0,6,6,4,4,0,0,1,0,0
0.0,1.0,38.754085,1,1,-59,1,-47,1,0,1,0,0,0,0,0,7,7,3,3,0,0,1,0,0
0.0,1.0,39.072861,1,1,-59,1,-47,1,0,1,0,0,0,0,0,6,6,4,4,0,0,1,0,0
0.0,1.0,39.398657,1,1,-59,1,-47,1,0,1,0,0,0,0,0,5,7,5,5,0,0,1,0,0
0.0,1.0,39.731334,1,1,-59,1,-47,1,0,1,0,0,0,0,0,4,6,4,6,0,0,1,0,0
0.0,0.5,40.070754,1,1,-59,1,-47,1,0,1,0,0,0,0,0,5,7,3,7,0,0,1,0,0
0.0,0.5,40.554384,1,1,-59,1,-47,1,0,1,0,0,0,0,0,6,6,4,6,0,0,1,0,0
0.0,0.5,41.042597,1,1,-59,1,-47,1,0,1,0,0,0,0,0,5,5,3,7,0,0,1,0,0
0.0,0.5,41.535376,1,1,-59,1,-47,1,0,1,0,0,0,0,0,4,4,4,6,0,0,1,0,0
0.0,0.5,42.032703,1,1,-59,1,-47,1,0,1,0,0,0,0,0,3,5,3,7,0,0,1,0,0
0.0,1.5,42.53456,1,1,-59,1,-47,1,0,1,0,0,0,0,0,4,4,4,6,0,0,1,0,0
0.0,2.0,42.752726,1,1,-59,1,-47,1,0,1,0,0,0,0,0,3,5,5,7,0,0,1,0,0
0.0,3.5,42.862324,1,1,-59,1,-47,1,0,1,0,0,0,0,0,4,6,6,6,0,0,1,0,0
0.0,3.5,42.707995,1,1,-59,1,-47,1,0,1,0,0,0,0,0,5,7,7,5,0,0,1,0,0
0.0,3.5,42.731463,1,1,-59,1,-47,1,0,1,0,0,0,0,0,6,6,6,4,0,0,1,0,0
0.0,3.5,42.931993,1,1,-59,1,-47,1,0,1,0,0,0,0,0,7,7,7,3,0,0,1,0,0
0.0,3.5,43.306697,1,1,-59,1,-47,1,0,1,0,0,0,0,0,6,6,6,4,0,0,1,0,0
0.0,3.5,43.850693,1,1,-59,1,-47,1,0,1,0,0,0,0,0,7,5,5,5,0,0,1,0,0
0.0,1.5,44.557378,1,1,-59,1,-47,1,0,1,0,0,0,0,0,6,6,4,6,0,0,1,0,0
0.0,1.25,45.103454,1,1,-59,1,-47,1,0,1,0,0,0,0,0,5,7,5,7,0,0,1,0,0
0.0,1.0,45.623813,1,1,-59,1,-47,1,0,1,0,0,0,0,0,6,6,6,6,0,0,1,0,0
0.0,-0.5,46.112427,1,1,-59,1,-47,1,0,1,0,0,0,0,0,5,7,5,7,0,0,1,0,0
0.0,-1.75,46.405466,1,1,-59,1,-47,1,0,1,0,0,0,0,0,6,6,4,6,0,0,1,0,0
0.0,-2.5,46.649894,1,1,-59,1,-47,1,0,1,0,0,0,0,0,5,7,3,5,0,0,1,0,0
0.0,-2.75,47.045128,1,1,-59,1,-47,1,0,1,0,0,0,0,0,4,6,4,4,0,0,1,0,0
0.0,-2.25,47.699849,1,1,-59,1,-47,1,0,1,0,0,0,0,0,5,5,5,3,0,0,1,0,0
0.0,-2.0,48.542757,1,1,-59,1,-47,1,0,1,0,0,0,0,0,4,4,4,4,0,0,1,0,0
0.0,-2.25,49.521231,0,1,-59,1,-47,1,0,1,0,0,0,0,0,5,5,3,3,0,0,1,0,0
0.0,-2.75,50.712897,0,1,-59,1,-47,1,0,1,0,0,0,0,0,6,6,4,4,0,0,1,0,0
0.0,-4.0,52.227674,0,1,-59,1,-47,1,0,1,0,0,0,0,0,7,5,3,3,0,0,1,0,0
0.0,-4.25,54.431586,0,1,-59,1,-47,1,0,1,0,0,0,0,0,6,6,4,4,0,0,1,0,0
0.0,-4.25,57.088456,0,1,-59,1,-47,1,0,1,0,0,0,0,0,5,7,3,5,0,0,1,0,0
0.0,-4.25,60.069862,0,1,-59,1,-47,1,0,1,0,0,0,0,0,4,6,4,6,0,0,1,0,0
0.0,-3.5,63.330577,0,1,-59,1,-47,1,0,1,0,0,0,0,0,3,7,3,5,0,0,1,0,0
0.0,3.25,66.361547,0,1,-59,1,-47,1,0,1,0,0,0,0,0,4,6,8,4,0,0,1,0,0
0.0,5.25,65.31337,0,1,-59,1,-47,1,0,1,0,0,0,0,0,5,7,9,3,1,0,1,0,0
-0.25,-2.25,63.232472,0,1,-59,1,-47,1,0,1,0,0,0,0,0,6,6,8,4,1,0,1,0,0
-1.5,-4.0,65.609908,0,1,-59,1,-47,1,0,1,0,0,0,0,0,7,5,9,3,1,0,1,0,0
-1.5,-4.0,70.110562,0,1,-59,1,-47,1,0,1,0,0,0,0,0,6,6,8,4,1,0,1,0,0
-3.5,-2.5,74.715349,0,1,-59,1,-47,1,0,1,0,0,0,0,0,5,7,9,3,1,0,1,0,0
0.0,0.25,79.96551,0,1,-59,1,-47,1,0,1,0,0,0,0,0,4,6,8,4,1,0,1,0,0
0.0,4.0,80.769126,0,1,-59,1,-47,1,0,1,0,0,0,0,0,3,7,9,3,1,0,1,0,0
0.0,5.25,79.241591,0,1,-59,1,-47,1,0,1,0,0,0,0,0,4,6,8,4,1,0,1,0,0
0.0,12.5,77.099485,0,1,-59,1,-47,1,0,1,0,0,0,0,0,5,7,9,3,1,0,1,0,0
0.0,13.25,71.619525,0,1,-59,1,-47,1,0,1,0,0,0,0,0,4,6,10,4,1,0,1,0,0
0.0,13.5,67.492185,0,1,-59,1,-47,1,0,1,0,0,0,0,0,5,7,9,5,1,0,1,0,0
0.0,13.0,65.454838,0,1,-59,1,-47,1,0,1,0,0,0,0,0,4,6,8,6,1,0,1,0,0
0.0,8.5,65.784888,0,1,-59,1,-47,1,0,1,0,0,0,0,0,3,5,9,5,1,0,1,0,0
-0.25,5.25,67.323922,0,1,-59,1,-47,1,0,1,0,0,0,0,0,4,6,8,4,1,0,1,0,0
0.0,33.75,69.0458,0,1,-59,1,-47,1,0,1,0,0,0,0,0,5,5,9,3,1,0,1,0,0
0.0,37.0,83.851326,0,1,-59,1,-47,1,0,1,0,0,0,0,0,6,6,8,4,1,0,1,0,0
0.0,37.0,109.556184,0,1,-59,1,-47,1,0,1,0,0,0,0,0,5,5,9,5,1,0,1,0,0
0.0,39.25,139.936913,0,1,-59,1,-47,1,0,1,0,0,0,0,0,6,6,10,4,1,0,1,0,0
0.0,37.0,174.603561,0,1,-59,1,-47,1,0,1,0,0,0,0,0,5,5,9,5,1,0,1,0,0
0.0,12.5,206.532171,0,1,-59,1,-47,1,0,1,0,0,0,0,0,6,4,8,6,1,0,1,0,0
0.0,5.75,183.044672,0,1,-59,1,-47,1,0,1,0,0,0,0,0,5,5,9,7,1,0,1,0,0
0.0,-9.5,187.74687,0,1,-59,1,-47,1,0,1,0,0,0,0,0,4,6,10,6,1,0,1,0,0
0.0,-10.25,178.387543,0,1,-59,1,-47,1,0,1,0,0,0,0,0,5,7,9,5,1,0,1,0,0
0.0,-10.75,168.473343,0,1,-59,1,-47,1,0,1,0,0,0,0,0,6,6,10,6,1,0,1,0,0
0.0,-20.0,158.281081,0,1,-59,1,-47,1,0,1,0,0,0,0,0,7,5,9,7,1,0,1,0,0
0.0,-27.0,140.335463,0,1,-59,1,-47,1,0,1,0,0,0,0,0,6,6,10,6,1,0,1,0,0
0.0,-33.5,117.793455,0,1,-59,1,-47,1,0,1,0,0,0,0,0,7,7,9,7,1,0,1,0,0
0.0,-31.5,93.947569,0,1,-59,1,-47,1,0,1,0,0,0,0,0,6,6,10,6,1,0,1,0,0
0.0,-32.0,79.005312,0,1,-59,1,-47,1,0,1,0,0,0,0,0,5,5,9,7,1,0,1,0,0
0.0,-35.0,75.940324,0,1,-59,1,-47,1,0,1,0,0,0,0,0,4,6,8,6,1,0,1,0,0
0.0,-34.5,87.824642,0,1,-59,1,-47,1,0,1,0,0,0,0,0,5,5,9,5,1,0,1,0,0
0.0,-29.25,110.274477,0,1,-59,1,-47,1,0,1,0,0,0,0,0,6,4,10,4,1,0,1,0,0
0.0,-14.5,133.944649,0,1,-59,1,-47,1,0,1,0,0,0,0,0,5,5,9,5,1,0,1,0,0
0.0,-9.0,147.119099,0,1,-59,1,-47,1,0,1,0,0,0,0,0,4,6,10,4,1,0,1,0,0
0.0,-6.5,155.921409,0,1,-59,1,-47,1,0,1,0,0,0,0,0,5,7,9,5,1,0,1,0,0
0.0,-7.5,162.665705,0,1,-59,1,-47,1,0,1,0,0,0,0,0,4,6,8,6,1,0,1,0,0
0.0,-7.75,170.353492,0,1,-59,1,-47,1,0,1,0,0,0,0,0,5,7,9,5,1,0,1,0,0
-0.75,-7.75,178.334522,0,1,-59,1,-47,1,0,1,0,0,0,0,0,4,6,10,4,1,0,1,0,0
0.0,-10.25,186.707893,0,1,-59,1,-47,1,0,1,0,0,0,0,0,5,7,9,5,1,0,1,0,0
0.0,-13.0,197.069074,0,1,-59,1,-47,1,0,1,0,0,0,0,0,4,6,8,6,1,0,1,0,0
0.0,-12.5,210.041579,0,1,-59,1,-47,1,0,1,0,0,0,0,0,3,5,9,5,1,0,1,0,0
0.0,-4.0,211.595366,0,1,-59,1,-47,1,0,1,0,0,0,0,0,4,4,10,6,1,0,1,0,0
0.0,-1.25,204.910979,0,1,-59,1,-47,1,0,1,0,0,0,0,0,3,5,9,5,1,0,1,0,0
0.0,6.25,207.149876,0,1,-59,1,-47,1,0,1,0,0,0,0,0,4,4,8,6,1,0,1,0,0
0.0,9.5,202.566564,0,1,-59,1,-47,1,0,1,0,0,0,0,0,3,5,9,5,1,0,1,0,0
0.0,9.75,195.102038,0,1,-59,1,-47,1,0,1,0,0,0,0,0,4,6,8,6,1,0,1,0,0
0.0,10.25,187.514406,0,1,-59,1,-47,1,0,1,0,0,0,0,0,5,5,9,7,1,0,1,0,0
0.0,-0.25,179.606266,0,1,-59,1,-47,1,0,1,0,0,0,0,0,6,4,8,6,1,0,1,0,0
0.0,-0.5,180.944324,0,1,-59,1,-47,1,0,1,0,0,0,0,0,5,5,9,7,1,0,1,0,0
0.0,-0.5,182.502512,0,1,-59,1,-47,1,0,1,0,0,0,0,0,4,6,8,6,1,0,1,0,0
0.0,-0.5,184.062363,0,1,-59,1,-47,1,0,1,0,0,0,0,0,5,7,9,7,1,0,1,0,0
0.0,158.0,185.623833,0,1,-59,1,-47,1,0,1,0,0,0,0,0,4,6,10,6,1,0,1,0,0
0.0,100.5,90.676707,0,1,-59,1,-47,1,0,1,0,0,0,0,0,5,5,9,5,1,0,1,0,0
-39.5,-64.75,131.108492,0,1,-59,1,-47,1,0,1,0,0,0,0,0,6,4,8,4,1,0,1,0,0
-8.5,-31.25,134.380755,0,1,-59,1,-47,1,0,1,0,0,0,0,0,5,5,9,3,1,0,1,0,0
0.0,-17.0,140.512142,0,1,-59,1,-47,1,0,1,0,0,0,0,0,4,6,8,4,1,0,1,0,0
0.0,-24.0,142.756753,0,1,-59,1,-47,1,0,1,0,0,0,0,0,5,7,9,5,1,0,1,0,0
0.0,-37.0,149.204113,0,1,-59,1,-47,1,0,1,0,0,0,0,0,4,6,10,4,1,0,1,0,0
0.0,-37.25,165.575236,0,1,-59,1,-47,1,0,1,0,0,0,0,0,5,5,9,3,1,0,1,0,0
0.0,-45.0,188.438026,0,1,-59,1,-47,1,0,1,0,0,0,0,0,6,4,8,4,1,0,1,0,0
0.0,-47.25,221.522773,0,1,-59,1,-47,1,0,1,0,0,0,0,0,5,3,9,3,1,0,1,0,0
0.0,-39.5,242.170888,0,1,-59,1,-47,1,0,1,0,0,0,0,0,4,4,8,4,1,0,1,0,0
0.0,-27.0,237.139838,0,1,-59,1,-47,1,0,1,0,0,0,0,0,5,3,9,3,1,0,1,0,0
0.0,-21.0,242.967929,0,1,-59,1,-47,1,0,1,0,0,0,0,0,4,4,10,4,1,0,1,0,0
-17.5,-21.75,239.342019,0,1,-59,1,-47,1,0,1,0,0,0,0,0,3,5,9,3,1,0,1,0,0
-17.75,-21.75,254.716078,0,1,-59,1,-47,1,0,1,0,0,0,0,0,4,6,10,4,1,0,1,0,0
-24.0,-10.25,266.990914,0,1,-59,1,-47,1,0,1,0,0,0,0,0,5,5,9,3,1,0,1,0,0
0.0,16.25,267.555547,0,1,-59,1,-47,1,0,1,0,0,0,0,0,6,6,10,4,1,0,1,0,0
0.0,45.75,240.135517,0,1,-59,1,-47,1,0,1,0,0,0,0,0,5,5,9,3,1,0,1,0,0
0.0,52.5,211.663948,0,1,-59,1,-47,1,0,1,0,0,0,0,0,6,4,8,4,1,0,1,0,0
-1.75,41.75,186.915832,0,1,-59,1,-47,1,0,1,0,0,0,0,0,7,5,9,5,1,0,1,0,0
-1.75,41.75,177.651407,0,1,-59,1,-47,1,0,1,0,0,0,0,0,6,4,8,4,1,0,1,0,0
-1.75,41.75,177.558766,0,1,-59,1,-47,1,0,1,0,0,0,0,0,7,5,9,3,1,0,1,0,0
-1.75,41.75,186.651748,0,1,-59,1,-47,1,0,1,0,0,0,0,0,6,6,8,4,1,0,1,0,0
-1.75,41.75,203.704151,0,1,-59,1,-47,1,0,1,0,0,0,0,0,5,5,9,3,1,0,1,0,0
-1.75,41.75,226.928895,0,1,-59,1,-47,1,0,1,0,0,0,0,0,6,6,8,4,1,0,1,0,0
-1.75,41.75,254.642892,0,1,-59,1,-47,1,0,1,0,0,0,0,0,5,5,9,3,1,0,1,0,0
-1.75,41.75,271.483524,0,1,-59,1,-47,1,0,1,0,0,0,0,0,4,6,10,4,1,0,1,0,0
-1.75,41.75,272.534563,0,1,-59,1,-47,1,0,1,0,0,0,0,0,5,5,9,5,1,0,1,0,0
-1.75,41.75,274.920926,0,1,-59,1,-47,1,0,1,0,0,0,0,0,6,6,8,6,1,0,1,0,0
-1.75,41.75,274.266384,0,1,-59,1,-47,1,0,1,0,0,0,0,0,7,7,9,5,1,0,1,0,0
0.0,43.5,274.923117,0,1,-59,1,-47,1,0,1,0,0,0,0,0,6,6,8,6,1,0,1,0,0
0.0,-83.5,274.183192,0,1,-59,1,-47,1,0,1,0,0,0,0,0,7,5,9,7,1,0,1,0,0
0.0,-111.75,205.124883,0,1,-59,1,-47,1,0,1,0,0,0,0,0,6,4,10,6,1,0,1,0,0
-3.0,-111.75,199.815817,0,1,-59,1,-47,1,0,1,0,0,0,0,0,7,5,9,7,1,0,1,0,0
0.0,-52.0,251.068175,0,1,-59,1,-47,1,0,1,0,0,0,0,0,6,4,8,6,1,0,1,0,0
0.0,-58.25,273.307735,0,1,-59,1,-47,1,0,1,0,0,0,0,0,5,5,9,7,1,0,1,0,0
0.0,-63.0,273.807476,0,1,-59,1,-47,1,0,1,0,0,0,0,0,6,6,8,6,1,0,1,0,0
0.0,-51.5,274.309256,0,1,-59,1,-47,1,0,1,0,0,0,0,0,7,5,9,7,1,0,1,0,0
0.0,-38.0,267.436425,0,1,-59,1,-47,0,0,1,0,0,0,0,0,6,4,8,6,1,0,1,0,0
0.0,-25.5,274.923117,0,1,-60,1,-47,0,0,1,0,0,0,0,0,5,5,9,7,1,0,1,0,0
-10.75,-34.5,266.862339,0,1,-61,1,-47,0,0,1,0,0,0,0,0,6,4,8,6,1,0,1,0,0
-10.75,-34.5,274.923117,0,1,-62,1,-47,0,0,1,0,0,0,0,0,7,5,9,5,1,0,1,0,0
-11.5,-31.5,274.923117,0,1,-63,1,-47,0,0,1,0,0,0,0,0,6,6,10,6,1,0,1,0,0
0.0,-18.5,273.456342,0,1,-64,1,-47,0,0,1,0,0,0,0,0,7,5,9,7,1,0,1,0,0
0.0,-7.5,267.410812,0,1,-65,1,-47,0,0,1,0,0,0,0,0,6,4,10,6,1,0,1,0,0
-33.0,-10.5,260.685064,0,1,-66,1,-47,0,0,1,0,0,0,0,0,7,3,9,7,1,0,1,0,0
-104.25,-56.0,274.923117,0,1,-67,1,-47,0,0,1,0,0,0,0,0,6,4,10,6,1,0,1,0,0
-2.25,-71.25,274.923117,0,1,-68,1,-47,0,0,1,0,0,0,0,0,7,5,6,7,1,1,0,0,1
0.0,-54.25,215.555525,0,1,-69,1,-47,0,0,1,0,0,0,0,0,6,6,7,6,0,0,1,0,0
-50.0,-30.5,201.506933,0,1,-70,1,-47,0,0,1,0,0,0,0,0,5,7,6,7,0,0,1,0,0
-215.5,-70.0,242.274774,0,1,-71,1,-47,0,0,1,0,0,0,0,0,6,6,7,6,0,0,1,0,0
-236.0,-111.75,274.923117,0,1,-72,1,-47,0,0,1,0,0,0,0,0,5,7,6,7,0,0,1,0,0
-103.75,-74.75,274.923117,0,1,-73,1,-47,0,0,1,0,0,0,0,0,6,6,7,6,0,0,1,0,0
-34.0,-26.0,170.341548,0,1,-74,1,-47,0,0,1,0,0,0,0,0,5,7,6,7,0,0,1,0,0
0.0,1.0,209.368243,0,1,-75,1,-47,0,0,1,0,0,0,0,0,6,6,7,6,0,0,1,0,0
0.0,18.0,209.630377,0,1,-76,1,-47,0,0,1,0,0,0,0,0,5,5,6,7,0,0,1,0,0
-0.25,23.0,195.073339,0,1,-77,1,-47,0,0,1,0,0,0,0,0,4,6,5,6,0,0,1,0,0
-0.25,23.75,176.955814,0,1,-78,1,-47,0,0,1,0,0,0,0,0,3,5,6,7,0,0,1,0,0
-0.25,23.75,159.267886,0,1,-79,1,-47,0,0,1,0,0,0,0,0,4,4,5,6,0,0,1,0,0
-0.25,23.75,143.056283,0,1,-80,1,-47,0,0,1,0,0,0,0,0,5,3,6,7,0,0,1,0,0
-0.25,23.75,128.880092,0,1,-81,1,-47,0,0,1,0,0,0,0,0,6,4,5,6,0,0,1,0,0
-0.25,23.75,117.47934,0,1,-82,1,-47,0,0,1,0,0,0,0,0,7,5,4,5,0,0,1,0,0
-0.25,23.75,109.723555,0,1,-83,1,-47,0,0,1,0,0,0,0,0,6,4,3,4,0,0,1,0,0
0.0,22.25,106.413727,0,1,-84,1,-47,0,0,1,0,0,0,0,0,7,3,4,3,0,0,1,0,0
0.0,15.25,107.527557,0,1,-85,1,-47,0,0,1,0,0,0,0,0,6,4,5,4,0,0,1,0,0
0.0,6.25,110.854306,0,1,-86,1,-47,0,0,1,0,0,0,0,0,7,5,4,5,0,0,1,0,0
0.0,5.0,112.99325,0,1,-87,1,-47,0,0,1,0,0,0,0,0,6,6,3,4,0,0,1,0,0
0.0,5.0,114.946675,0,1,-88,1,-47,0,0,1,0,0,0,0,0,7,7,4,5,0,0,1,0,0
0.0,1.5,117.018387,0,1,-89,1,-47,0,0,1,0,0,0,0,0,6,6,5,6,0,0,1,0,0
0.0,-4.5,117.937802,0,1,-90,1,-47,0,0,1,0,0,0,0,0,7,7,6,7,0,0,1,0,0
0.0,-9.25,116.889269,0,1,-91,1,-47,0,0,1,0,0,0,0,0,6,6,5,6,0,0,1,0,0
0.0,-11.75,114.937991,0,1,-92,1,-47,0,0,1,0,0,0,0,0,7,5,6,5,0,0,1,0,0
0.0,-12.5,113.552092,0,1,-93,1,-47,0,0,1,0,0,0,0,0,6,4,7,4,0,0,1,0,0
0.0,-10.0,113.568662,0,1,-94,1,-47,0,0,1,0,0,0,0,0,5,3,6,5,0,0,1,0,0
0.0,-6.75,114.882697,0,1,-95,1,-47,0,0,1,0,0,0,0,0,6,4,5,6,0,0,1,0,0
-38.0,4.5,116.629512,0,1,-96,1,-47,0,0,1,0,0,0,0,0,7,5,6,7,0,0,1,0,0
-38.25,4.5,154.601218,0,1,-97,1,-47,0,0,1,0,0,0,0,0,6,4,5,6,0,0,1,0,0
-41.0,6.5,193.204872,0,1,-98,1,-47,0,0,1,0,0,0,0,0,5,5,4,5,0,0,1,0,0
-27.75,6.0,194.493707,0,1,-99,1,-47,0,0,1,0,0,0,0,0,4,4,3,4,0,0,1,0,0
0.0,-4.0,181.913697,0,1,-100,1,-47,0,0,1,0,0,0,0,0,3,5,4,3,0,0,1,0,0
-13.75,-5.75,182.764657,0,1,-101,1,-47,0,0,1,0,0,0,0,0,4,4,5,4,0,0,1,0,0
-19.0,-7.75,194.793576,0,1,-102,1,-47,0,0,1,0,0,0,0,0,3,3,4,5,0,0,1,0,0
0.0,-4.75,195.529405,0,1,-103,1,-47,0,0,1,0,0,0,0,0,4,4,3,4,0,0,1,0,0
0.0,12.25,178.16021,0,1,-104,1,-47,0,0,1,0,0,0,0,0,3,5,4,5,0,0,1,0,0
-21.25,13.5,177.581052,0,1,-105,1,-47,0,0,1,0,0,0,0,0,4,4,5,6,0,0,1,0,0
-120.0,-5.5,194.41671,0,1,-106,1,-47,0,0,1,0,0,0,0,0,5,3,6,5,0,0,1,0,0
-59.25,-8.0,194.603571,0,1,-107,1,-47,0,0,1,0,0,0,0,0,4,4,5,6,0,0,1,0,0
0.0,-6.5,135.583588,0,1,-108,1,-47,0,0,1,0,0,0,0,0,3,5,6,7,0,0,1,0,0
-60.75,-18.25,137.493865,0,1,-109,1,-47,0,0,1,0,0,0,0,0,4,4,7,6,0,0,1,0,0
-188.0,-44.25,199.358078,0,1,-110,1,-47,0,0,1,0,0,0,0,0,3,5,6,5,0,0,1,0,0
-115.0,-57.5,213.919157,0,1,-111,1,-47,0,0,1,0,0,0,0,0,4,4,5,6,0,0,1,0,0
-38.5,-57.5,191.611672,0,1,-112,1,-47,0,0,1,0,0,0,0,0,3,5,4,7,0,0,1,0,0
-189.75,-64.5,252.693716,0,1,-113,1,-47,0,0,1,0,0,0,0,0,4,4,5,6,0,0,1,0,0
-211.75,-84.75,274.923117,0,1,-114,1,-47,0,0,1,0,0,0,0,0,3,5,6,7,0,0,1,0,0
-211.75,-84.75,274.923117,0,1,-115,1,-47,0,0,1,0,0,0,0,0,4,4,5,6,0,0,1,0,0
-211.75,-84.75,274.923117,0,1,-116,1,-47,0,0,1,0,0,0,0,0,3,3,6,7,0,0,1,0,0
-211.75,-84.75,274.923117,0,1,-117,1,-47,0,0,1,0,0,0,0,0,4,4,7,6,0,0,1,0,0
-205.0,-80.0,274.923117,0,1,-118,1,-47,0,0,1,0,0,0,0,0,5,3,6,5,0,0,1,0,0
-225.75,-92.0,267.921736,0,1,-119,1,-47,0,0,1,0,0,0,0,0,4,4,5,6,0,0,1,0,0
-275.75,-111.75,274.923117,0,1,-120,1,-47,0,0,1,0,0,0,0,0,5,5,4,5,0,0,1,0,0
-272.25,-111.75,274.923117,0,1,-121,1,-47,0,0,1,0,0,0,0,0,4,4,3,6,0,0,1,0,0
-272.25,-111.75,273.00246,0,1,-122,1,-47,0,0,1,0,0,0,0,0,5,5,4,7,0,0,1,0,0
-274.75,-111.75,274.923117,0,1,-123,1,-47,0,0,1,0,0,0,0,0,4,4,3,6,0,0,1,0,0
-278.25,-108.5,274.923117,0,1,-124,1,-47,0,0,1,0,0,0,0,0,3,5,4,5,0,0,1,0,0
-232.75,-56.0,273.198649,0,1,-125,1,-47,0,0,1,0,0,0,0,0,4,4,5,6,0,0,1,0,0
-323.0,-68.75,245.34487,0,1,-126,1,-47,0,0,1,0,0,0,0,0,5,5,4,5,0,0,1,0,0
-479.75,-111.75,274.923117,0,1,-127,1,-47,0,0,1,0,0,0,0,0,4,6,3,6,0,0,1,0,0
-416.0,-91.5,274.923117,0,1,-128,1,-47,0,0,1,0,0,0,0,0,3,5,4,5,0,0,1,0,0
-403.75,-43.5,218.809313,0,1,-129,1,-47,0,0,1,0,0,0,0,0,4,6,3,6,0,0,1,0,0
-395.0,134.0,274.923117,0,1,-130,1,-47,0,0,1,0,0,0,0,0,3,7,4,5,0,0,1,0,0
-305.5,147.5,187.263694,0,1,-131,1,-47,0,0,1,0,0,0,0,0,4,6,5,6,0,0,1,0,0
-295.75,106.0,233.324716,0,1,-132,1,-47,0,0,1,0,0,0,0,0,3,7,6,7,0,0,1,0,0
-272.75,84.75,268.653186,0,1,-133,1,-47,0,0,1,0,0,0,0,0,4,6,5,6,0,0,1,0,0
-179.25,50.75,259.815148,0,1,-134,1,-47,0,0,1,0,0,0,0,0,5,7,6,7,0,0,1,0,0
-163.5,45.25,219.384656,0,1,-135,1,-47,0,0,1,0,0,0,0,0,4,6,5,6,0,0,1,0,0
-131.75,26.75,270.525578,0,1,-136,1,-47,0,0,1,0,0,0,0,0,5,5,6,7,0,0,1,0,0
-95.5,8.5,253.968293,0,1,-137,1,-47,0,0,1,0,0,0,0,0,6,6,7,6,0,0,1,0,0
-95.75,6.0,261.823571,0,1,-138,1,-47,0,0,1,0,0,0,0,0,5,5,6,5,0,0,1,0,0
-95.75,6.0,265.361599,0,1,-139,1,-47,0,0,1,0,0,0,0,0,4,6,7,4,0,0,1,0,0
-30.75,-4.25,268.957396,0,1,-140,1,-47,0,0,1,0,0,0,0,0,5,7,6,3,0,0,1,0,0
-11.0,-34.0,222.840064,0,1,-141,1,-47,0,0,1,0,0,0,0,0,6,6,5,4,0,0,1,0,0
-109.25,-49.75,203.715587,0,1,-142,1,-47,0,0,1,0,0,0,0,0,5,5,6,3,0,0,1,0,0
-169.75,-111.75,216.641394,0,1,-143,1,-47,0,0,1,0,0,0,0,0,6,6,7,4,0,0,1,0,0
-11.0,-100.75,195.131462,0,1,-144,1,-47,0,0,1,0,0,0,0,0,5,7,6,5,0,0,1,0,0
-111.5,-40.5,123.849032,0,1,-145,1,-47,0,0,1,0,0,0,0,0,4,6,5,4,0,0,1,0,0
-247.5,-103.0,218.146481,0,1,-146,1,-47,0,0,1,0,0,0,0,0,3,7,4,3,0,0,1,0,0
-251.25,-105.25,274.923117,0,1,-147,1,-47,0,0,1,0,0,0,0,0,4,6,3,4,0,0,1,0,0
-251.25,-105.25,274.923117,0,1,-148,1,-47,0,0,1,0,0,0,0,0,5,7,4,3,0,0,1,0,0
-251.25,-105.25,274.923117,0,1,-149,1,-47,0,0,1,0,0,0,0,0,6,6,3,4,0,0,1,0,0
-319.25,-111.75,274.923117,0,1,-150,1,-47,0,0,1,0,0,0,0,0,7,7,4,5,0,0,1,0,0
-145.25,-111.75,274.923117,0,1,-151,1,-47,0,0,1,0,0,0,0,0,6,6,3,6,0,0,1,0,0
-113.5,-111.75,195.549992,0,1,-152,1,-47,0,0,1,0,0,0,0,0,5,7,4,7,0,0,1,0,0
-77.0,-111.75,236.936175,0,1,-153,1,-47,0,0,1,0,0,0,0,0,4,0,3,6,0,0,1,0,0
-77.0,-111.75,274.923117,0,1,-154,1,-47,0,0,1,0,0,0,0,0,3,1,4,7,1,0,1,0,0
-77.0,-111.75,274.923117,0,1,-155,1,-47,0,0,1,0,0,0,0,0,4,2,5,6,1,0,1,0,0
-57.25,-109.25,274.923117,0,1,-156,1,-47,0,0,1,0,0,0,0,0,3,1,4,5,1,0,1,0,0
-24.5,-111.75,260.514897,0,1,-157,1,-47,0,0,1,0,0,0,0,0,4,2,5,4,1,0,1,0,0
-11.0,-111.25,274.923117,0,1,-158,1,-47,0,0,1,0,0,0,0,0,5,1,4,5,1,0,1,0,0
-11.0,-66.75,266.07695,0,1,-159,1,-47,0,0,1,0,0,0,0,0,4,0,3,4,1,0,1,0,0
-11.0,-61.0,245.150388,0,1,-160,1,-47,0,0,1,0,0,0,0,0,3,1,4,3,1,0,1,0,0
-67.25,-89.5,274.923117,0,1,-161,1,-47,0,0,1,0,0,0,0,0,4,2,5,4,1,0,1,0,0
-68.25,-89.75,274.923117,0,1,-162,1,-47,0,0,1,0,0,0,0,0,5,1,4,5,1,0,1,0,0
-120.0,-64.5,274.923117,0,1,-163,1,-47,0,0,1,0,0,0,0,0,6,0,3,6,1,0,1,0,0
-46.25,-60.5,258.129286,0,1,-164,1,-47,0,0,1,0,0,0,0,0,5,1,4,5,1,0,1,0,0
-11.0,-60.0,229.20437,0,1,-165,1,-47,0,0,1,0,0,0,0,0,4,2,5,6,1,0,1,0,0
-11.0,-60.0,235.651931,0,1,-166,1,-47,0,0,1,0,0,0,0,0,5,1,4,5,1,0,1,0,0
-11.0,-60.0,242.499509,0,1,-167,1,-47,0,0,1,0,0,0,0,0,4,0,5,6,1,0,1,0,0
-11.0,-59.75,249.714115,0,1,-168,1,-47,0,0,1,0,0,0,0,0,3,1,6,5,1,0,1,0,0
-11.0,-53.5,257.264789,0,1,-169,1,-47,0,0,1,0,0,0,0,0,4,0,7,4,1,0,1,0,0
-11.0,-51.0,261.042761,0,1,-170,1,-47,0,0,1,0,0,0,0,0,5,1,6,5,1,0,1,0,0
-11.0,-48.75,273.26136,0,1,-171,1,-47,0,0,1,0,0,0,0,0,6,0,7,6,1,0,1,0,0
-11.0,-46.0,273.786844,0,1,-172,1,-47,0,0,1,0,0,0,0,0,7,1,6,7,1,0,1,0,0
-11.0,-44.0,274.923117,0,1,-173,1,-47,0,0,1,0,0,0,0,0,6,2,7,6,1,0,1,0,0
-11.0,-39.0,273.957166,0,1,-174,1,-47,0,0,1,0,0,0,0,0,5,1,6,5,1,0,1,0,0
-11.0,-31.75,274.923117,0,1,-175,1,-47,0,0,1,0,0,0,0,0,4,2,5,4,1,0,1,0,0
-11.0,-26.5,270.277907,0,1,-176,1,-47,0,0,1,0,0,0,0,0,3,1,6,5,1,0,1,0,0
-11.0,-34.75,274.923117,0,1,-177,1,-47,0,0,1,0,0,0,0,0,4,2,7,4,1,0,1,0,0
-13.25,-50.75,274.923117,0,1,-178,1,-47,0,0,1,0,0,0,0,0,3,1,6,5,1,0,1,0,0
-22.0,-62.75,274.923117,0,1,-179,1,-47,0,0,1,0,0,0,0,0,4,0,5,6,1,0,1,0,0
-24.25,-66.75,274.923117,0,1,-180,1,-47,0,0,1,0,0,0,0,0,5,1,6,5,1,0,1,0,0
-20.5,-81.75,274.923117,0,1,-181,1,-47,0,0,1,0,0,0,0,0,4,0,7,6,1,0,1,0,0
-11.0,-111.75,272.817883,0,1,-182,1,-47,0,0,1,0,0,0,0,0,5,1,6,5,1,0,1,0,0
-17.0,-111.75,274.923117,0,1,-183,1,-47,0,0,1,0,0,0,0,0,4,2,7,6,1,0,1,0,0
-88.0,-111.75,274.923117,0,1,-184,1,-47,0,0,1,0,0,0,0,0,5,1,6,7,1,0,1,0,0
-108.25,-102.25,274.923117,0,1,-185,1,-47,0,0,1,0,0,0,0,0,4,0,7,6,1,0,1,0,0
-76.25,-29.0,268.69009,0,1,-186,1,-47,0,0,1,0,0,0,0,0,5,1,6,5,1,0,1,0,0
-54.75,27.0,253.794314,0,1,-187,1,-47,0,0,1,0,0,0,0,0,6,0,7,4,1,0,1,0,0
-49.0,89.0,238.965442,0,1,-188,1,-47,0,0,1,0,0,0,0,0,5,1,6,5,1,0,1,0,0
-52.0,109.0,196.031853,0,1,-189,1,-47,0,0,1,0,0,0,0,0,4,0,5,6,1,0,1,0,0
-52.5,35.0,202.838799,0,1,-190,1,-47,0,0,1,0,0,0,0,0,3,1,4,7,1,0,1,0,0
-32.0,7.0,215.216276,0,1,-191,1,-47,0,0,1,0,0,0,0,0,4,2,3,6,1,0,1,0,0
-12.25,4.5,200.654284,0,1,-192,1,-47,0,0,1,0,0,0,0,0,5,1,4,5,1,0,1,0,0
-11.0,-5.0,213.936308,0,1,-193,1,-47,0,0,1,0,0,0,0,0,6,2,5,4,1,0,1,0,0
-11.0,-9.0,217.342332,0,1,-194,1,-47,0,0,1,0,0,0,0,0,5,1,4,3,1,0,1,0,0
-11.0,-15.25,213.246899,0,1,-195,1,-47,0,0,1,0,0,0,0,0,6,2,3,4,1,0,1,0,0
-11.0,-13.0,207.258638,0,1,-196,1,-47,0,0,1,0,0,0,0,0,7,1,4,3,1,0,1,0,0
-11.0,-11.0,202.963985,0,1,-197,1,-47,0,0,1,0,0,0,0,0,6,2,3,4,1,0,1,0,0
-11.0,-10.75,199.9561,0,1,-198,1,-47,0,0,1,0,0,0,0,0,7,1,4,5,1,0,1,0,0
-11.0,-9.5,197.621492,0,1,-199,1,-47,0,0,1,0,0,0,0,0,6,0,3,6,1,0,1,0,0
-11.0,-9.5,196.067935,0,1,-200,1,-47,0,0,1,0,0,0,0,0,5,1,4,7,1,0,1,0,0
-19.75,-24.75,195.017555,0,1,-201,1,-47,0,0,1,0,0,0,0,0,4,0,3,6,1,0,1,0,0
-26.0,-44.0,194.644355,0,1,-202,1,-47,0,0,1,0,0,0,0,0,3,1,4,7,1,0,1,0,0
-26.0,-44.25,201.828562,0,1,-203,1,-47,0,0,1,0,0,0,0,0,4,0,5,6,1,0,1,0,0
-26.0,-39.0,218.157424,0,1,-204,1,-47,0,0,1,0,0,0,0,0,5,1,6,7,1,0,1,0,0
-26.0,-39.0,238.68862,0,1,-205,1,-47,0,0,1,0,0,0,0,0,4,0,5,6,1,0,1,0,0
-26.0,-39.0,263.570952,0,1,-206,1,-47,0,0,1,0,0,0,0,0,3,1,6,7,1,0,1,0,0
-26.0,-39.0,274.923117,0,1,-207,1,-47,0,0,1,0,0,0,0,0,4,0,7,6,1,0,1,0,0
-26.0,-39.0,274.923117,0,1,-208,1,-47,0,0,1,0,0,0,0,0,5,1,6,7,1,0,1,0,0
-26.0,-39.0,274.923117,0,1,-209,1,-47,0,0,1,0,0,0,0,0,6,0,5,6,1,1,0,1,0
-26.0,-39.0,274.923117,0,1,-210,1,-47,0,0,1,0,0,0,0,0,5,5,6,7,1,0,1,0,0
-26.0,-39.0,274.923117,0,1,-211,1,-47,0,0,1,0,0,0,0,0,6,0,5,6,0,0,1,0,0
-26.0,-39.0,274.923117,0,1,-212,1,-47,0,0,1,0,0,0,0,0,7,0,6,7,0,0,1,0,0
-26.0,-39.0,274.923117,0,1,-213,1,-47,0,0,1,0,0,0,0,0,6,0,5,6,0,0,1,0,0
-26.0,-39.0,274.923117,0,1,-214,1,-47,0,0,1,0,0,0,0,0,5,0,4,5,0,0,1,0,0
-26.0,-39.0,274.923117,0,1,-215,1,-47,0,0,1,0,0,0,0,0,6,0,5,4,0,0,1,0,0
-26.0,-39.0,274.923117,0,1,-216,1,-47,0,0,1,0,0,0,0,0,5,0,4,5,0,0,1,0,0
-26.0,-39.0,274.923117,0,1,-217,1,-47,0,0,1,0,0,0,0,0,4,0,3,6,0,0,1,0,0
-26.0,-39.0,274.923117,0,1,-218,1,-47,0,0,1,0,0,0,0,0,3,0,4,5,0,0,1,0,0
-26.0,-39.0,274.923117,0,1,-219,1,-47,0,0,1,0,0,0,0,0,4,0,5,4,0,0,1,0,0
-26.0,-39.0,274.923117,0,1,-220,1,-47,0,0,1,0,0,0,0,0,3,0,4,5,0,0,1,0,0
-26.0,-39.0,274.923117,0,1,-221,1,-47,0,0,1,0,0,0,0,0,4,0,5,4,0,0,1,0,0
-26.0,-39.0,274.923117,0,1,-222,1,-47,0,0,1,0,0,0,0,0,3,0,6,3,0,0,1,0,0
-26.0,-39.0,274.923117,0,1,-223,1,-47,0,0,1,0,0,0,0,0,4,0,7,4,0,0,1,0,0
-26.0,-39.0,274.923117,0,1,-224,1,-47,0,0,1,0,0,0,0,0,3,4,6,5,0,0,1,0,0
-26.0,-39.0,274.923117,0,1,-225,1,-47,0,0,1,0,0,0,0,0,4,5,5,6,0,0,1,0,0
-26.0,-39.0,274.923117,0,1,-226,1,-47,0,0,1,0,0,0,0,0,5,4,4,7,0,0,1,0,0
-26.0,-39.0,274.923117,0,1,-227,1,-47,0,0,1,0,0,0,0,0,6,5,5,6,0,0,1,0,0
-26.0,-39.0,274.923117,0,1,-228,1,-47,0,0,1,0,0,0,0,0,7,6,4,7,0,0,1,0,0
-26.0,-39.0,274.923117,0,1,-229,1,-47,0,0,1,0,0,0,0,0,6,7,5,6,0,0,1,0,0
-26.0,-39.0,274.923117,0,1,-230,1,-47,0,0,1,0,0,0,0,0,7,6,6,7,0,0,1,0,0
-26.0,-39.0,274.923117,0,1,-231,1,-47,0,0,1,0,0,0,0,0,6,5,5,6,0,0,1,0,0
-26.0,-39.0,274.923117,0,1,-232,1,-47,0,0,1,0,0,0,0,0,5,4,4,7,0,0,1,0,0
-26.0,-39.0,274.923117,0,1,-233,1,-47,0,0,1,0,0,0,0,0,6,5,5,6,0,0,1,0,0
-26.0,-39.0,274.923117,0,1,-234,1,-47,0,0,1,0,0,0,0,0,7,4,4,5,0,0,1,0,0
-26.0,-39.0,274.923117,0,1,-235,1,-47,0,0,1,0,0,0,0,0,6,5,5,6,0,0,1,0,0
-26.0,-39.0,274.923117,0,1,-236,1,-47,0,0,1,0,0,0,0,0,7,4,6,5,0,0,1,0,0
-26.0,-39.0,274.923117,0,1,-237,1,-47,1,0,1,0,0,0,0,0,6,5,5,4,0,0,1,0,0
-26.0,-39.0,274.923117,0,1,-237,1,-47,1,0,1,0,0,0,0,0,7,4,4,5,0,0,1,0,0
-26.0,-39.0,274.923117,0,1,-237,1,-47,1,0,1,0,0,0,0,0,6,5,3,4,0,0,1,0,0
-26.0,-39.0,274.923117,0,1,-237,1,-47,1,0,1,0,0,0,0,0,5,6,4,3,0,0,1,0,0
-26.0,-39.0,274.923117,0,1,-237,1,-47,1,1,1,0,0,0,0,0,4,5,3,4,0,0,1,0,0
-26.0,-39.0,274.923117,0,1,-236,1,-48,1,1,0,0,0,0,0,0,5,4,4,3,0,0,1,0,0
-26.0,-39.0,274.923117,0,1,-235,1,-49,1,1,0,0,0,0,0,0,6,5,5,4,0,0,1,0,0
-26.0,-39.0,274.923117,0,1,-234,1,-50,1,1,0,0,0,0,0,0,5,6,6,3,0,0,1,0,0
-26.0,-39.0,274.923117,0,1,-233,1,-51,1,1,0,0,0,0,0,0,4,7,5,4,0,0,1,0,0
-26.0,-39.0,274.923117,0,1,-232,1,-52,1,1,0,0,0,0,0,0,3,6,6,3,0,0,1,0,0
-26.0,-39.0,274.923117,0,1,-231,1,-53,1,1,0,0,0,0,0,0,4,5,5,4,0,0,1,0,0
-26.0,-39.0,274.923117,0,1,-230,1,-54,1,1,0,0,0,0,0,0,5,6,4,5,0,0,1,0,0
-26.0,-39.0,274.923117,0,1,-229,1,-55,1,1,0,0,0,0,0,0,6,5,5,6,0,0,1,0,0
-26.0,-39.0,274.923117,0,1,-228,1,-56,1,1,0,0,0,0,0,0,7,6,4,7,0,0,1,0,0
-26.0,-39.0,274.923117,0,1,-227,1,-57,1,1,0,0,0,0,0,0,6,7,3,6,0,0,1,0,0
-26.0,-39.0,274.923117,0,1,-226,1,-58,1,1,0,0,0,0,0,0,7,6,4,5,0,0,1,0,0
-26.0,-39.0,274.923117,0,1,-225,1,-59,1,1,0,0,0,0,0,0,6,7,5,4,0,0,1,0,0
-26.0,-39.0,274.923117,0,1,-224,1,-60,1,1,0,0,0,0,0,0,5,6,6,5,0,0,1,0,0
-26.0,-39.0,274.923117,0,1,-223,1,-61,1,1,0,0,0,0,0,0,6,5,5,4,0,0,1,0,0
-11.0,19.75,274.923117,0,1,-222,1,-62,1,1,0,0,0,0,0,0,5,4,4,5,0,0,1,0,0
-11.0,30.25,225.567047,0,1,-221,1,-63,1,1,0,0,0,0,0,0,4,5,3,4,0,0,1,0,0
-11.0,26.25,218.979199,0,1,-220,1,-64,1,1,0,0,0,0,0,0,5,4,4,3,0,0,1,0,0
-12.0,23.0,210.146601,0,1,-219,1,-65,1,1,0,0,0,0,0,0,6,3,5,4,0,0,1,0,0
-12.0,23.0,202.590987,0,1,-218,1,-66,1,1,0,0,0,0,0,0,7,4,4,3,0,0,1,0,0
-12.0,23.0,197.390437,0,1,-217,1,-67,1,1,0,0,0,0,0,0,6,5,3,4,0,0,1,0,0
-11.0,23.5,194.735639,0,1,-216,1,-68,1,1,0,0,0,0,0,0,5,4,4,3,0,0,1,0,0
-11.0,13.75,194.400146,0,1,-215,1,-69,1,1,0,0,0,0,0,0,4,5,5,4,0,0,1,0,0
-11.0,-20.0,196.057413,0,1,-214,1,-70,1,1,0,0,0,0,0,0,3,6,4,5,0,0,1,0,0
-11.0,-21.25,194.471044,0,1,-213,1,-71,1,1,0,0,0,0,0,0,4,7,3,4,0,0,1,0,0
-90.75,50.75,195.071457,0,1,-212,1,-72,1,1,0,0,0,0,0,0,5,6,4,5,0,0,1,0,0
-162.25,32.75,197.421317,0,1,-211,1,-73,1,1,0,0,0,0,0,0,6,5,3,4,0,0,1,0,0
-132.5,-54.5,205.618672,0,1,-210,1,-74,1,1,0,0,0,0,0,0,5,4,4,3,0,0,1,0,0
-46.5,-33.5,165.732518,0,1,-209,1,-75,1,1,0,0,0,0,0,0,4,5,3,4,0,0,1,0,0
-26.75,-3.25,195.566284,0,1,-208,1,-76,1,1,0,0,0,0,0,0,3,6,4,3,0,0,1,0,0
-33.5,-60.25,177.004159,0,1,-207,1,-77,1,1,0,0,0,0,0,0,4,5,5,4,0,0,1,0,0
-11.0,-74.25,212.218963,0,1,-206,1,-78,1,1,0,0,0,0,0,0,3,4,6,3,0,0,1,0,0
-11.0,-66.0,234.956015,0,1,-205,1,-79,1,1,0,0,0,0,0,0,4,3,5,4,0,0,1,0,0
-58.75,-45.75,267.756417,0,1,-204,1,-80,1,1,0,0,0,0,0,0,5,4,4,3,0,0,1,0,0
-11.0,-44.75,261.082574,0,1,-203,1,-81,1,1,0,0,0,0,0,0,6,3,3,4,0,0,1,0,0
-11.0,-35.25,243.876766,0,1,-202,1,-82,1,1,0,0,0,0,0,0,5,4,4,5,0,0,1,0,0
-67.75,-29.0,243.860497,0,1,-201,1,-83,1,1,0,0,0,0,0,0,6,5,3,4,0,0,1,0,0
-249.5,-55.25,274.923117,0,1,-200,1,-84,1,1,0,0,0,0,0,0,5,6,4,5,0,0,1,0,0
-102.0,-61.0,274.923117,0,1,-199,1,-85,1,1,0,0,0,0,0,0,6,7,3,6,0,0,1,0,0
-11.0,-61.0,200.118227,0,1,-198,1,-86,1,1,0,0,0,0,0,0,7,6,4,7,0,0,1,0,0
-11.0,-59.75,203.182467,0,1,-197,1,-87,1,1,0,0,0,0,0,0,6,7,3,6,0,0,1,0,0
-86.0,-68.25,205.760363,0,1,-196,1,-88,1,1,0,0,0,0,0,0,5,6,4,5,0,0,1,0,0
-12.0,-59.5,250.051732,0,1,-195,1,-89,1,1,0,0,0,0,0,0,6,7,5,6,0,0,1,0,0
-11.0,-48.75,251.687886,0,1,-194,1,-90,1,1,0,0,0,0,0,0,5,6,4,7,0,0,1,0,0
-11.0,-48.25,265.918959,0,1,-193,1,-91,1,1,0,0,0,0,0,0,6,5,5,6,0,0,1,0,0
-11.0,-49.75,273.644801,0,1,-192,1,-92,1,1,0,0,0,0,0,0,5,6,4,5,0,0,1,0,0
-11.0,-48.75,274.923117,0,1,-191,1,-93,1,1,0,0,0,0,0,0,4,7,3,4,0,0,1,0,0
-26.75,-46.25,274.255986,0,1,-190,1,-94,1,1,0,0,0,0,0,0,5,6,4,5,0,0,1,0,0
-42.5,-43.25,274.923117,0,1,-189,1,-95,1,1,0,0,0,0,0,0,6,5,5,6,0,0,1,0,0
-51.25,-41.75,272.841058,0,1,-188,1,-96,1,1,0,0,0,0,0,0,5,6,6,7,0,0,1,0,0
-11.0,-62.75,274.923117,0,1,-187,1,-97,1,1,0,0,0,0,0,0,6,7,7,6,0,0,1,0,0
-11.0,-63.5,248.451896,0,1,-186,1,-98,1,1,0,0,0,0,0,0,5,6,6,5,0,0,1,0,0
-11.0,-68.25,255.812537,0,1,-185,1,-99,1,1,0,0,0,0,0,0,4,5,7,6,0,0,1,0,0
-11.0,-68.25,263.473377,0,1,-184,1,-100,1,1,0,0,0,0,0,0,5,4,6,7,0,0,1,0,0
-11.0,-69.25,271.408642,0,1,-183,1,-101,1,1,0,0,0,0,0,0,6,5,7,6,0,0,1,0,0
-11.0,-69.0,274.923117,0,1,-182,1,-102,1,1,0,0,0,0,0,0,5,4,6,5,0,0,1,0,0
-11.0,-66.0,274.74995,0,1,-181,1,-103,1,1,0,0,0,0,0,0,6,5,7,4,0,0,1,0,0
-11.0,-62.5,274.923117,0,1,-180,1,-104,1,1,0,0,0,0,0,0,7,4,6,3,0,0,1,0,0
-11.0,-65.75,272.455161,0,1,-179,1,-105,1,1,0,0,0,0,0,0,6,3,7,4,0,0,1,0,0
-11.0,-87.75,274.923117,0,1,-178,1,-106,1,1,0,0,0,0,0,0,5,4,6,3,0,0,1,0,0
-13.5,-91.75,274.923117,0,1,-177,1,-107,1,1,0,0,0,0,0,0,6,3,5,4,0,0,1,0,0
-69.75,-111.75,274.923117,0,1,-176,1,-108,1,1,0,0,0,0,0,0,5,4,6,3,0,0,1,0,0
-71.75,-111.75,274.923117,0,1,-175,1,-109,1,1,0,0,0,0,0,0,4,3,5,4,0,0,1,0,0
-39.5,-96.0,274.898967,0,1,-174,1,-110,1,1,0,0,0,0,0,0,5,4,6,3,0,0,1,0,0
-36.5,-94.75,253.487939,0,1,-173,1,-111,1,1,0,0,0,0,0,0,4,5,5,4,0,0,1,0,0
-93.25,-111.75,274.008702,0,1,-172,1,-112,1,1,0,0,0,0,0,0,3,4,6,3,0,0,1,0,0
-107.5,-111.0,274.923117,0,1,-171,1,-113,1,1,0,0,0,0,0,0,4,5,7,4,0,0,1,0,0
-30.25,-79.0,274.353412,0,1,-170,1,-114,1,1,0,0,0,0,0,0,3,4,6,5,0,0,1,0,0
-11.0,-62.25,227.238276,0,1,-169,1,-115,1,1,0,0,0,0,0,0,4,5,7,4,0,0,1,0,0
-11.0,-62.0,219.59964,0,1,-168,1,-116,1,1,0,0,0,0,0,0,3,6,6,3,0,0,1,0,0
-11.0,-66.0,239.972783,0,1,-167,1,-117,1,1,0,0,0,0,0,0,4,5,7,4,0,0,1,0,0
-11.0,-67.5,246.897099,0,1,-166,1,-118,1,1,0,0,0,0,0,0,5,6,6,5,0,0,1,0,0
-11.0,-80.5,254.152323,0,1,-165,1,-119,1,1,0,0,0,0,0,0,6,5,5,6,0,0,1,0,0
-11.0,-81.0,261.71054,0,1,-164,1,-120,1,1,0,0,0,0,0,0,7,4,6,7,0,0,1,0,0
-11.0,-82.0,269.545874,0,1,-163,1,-121,1,1,0,0,0,0,0,0,6,5,5,6,0,0,1,0,0
-11.0,-79.0,274.923117,0,1,-162,1,-122,1,1,0,0,0,0,0,0,5,6,6,7,0,0,1,0,0
-11.0,-69.5,272.735187,0,1,-161,1,-123,1,1,0,0,0,0,0,0,6,5,5,6,0,0,1,0,0
-11.0,-61.75,274.923117,0,1,-160,1,-124,1,1,0,0,0,0,0,0,7,6,4,7,0,0,1,0,0
-11.0,-44.5,269.41717,0,1,-159,1,-125,1,1,0,0,0,0,0,0,6,5,3,6,0,0,1,0,0
-11.0,-40.75,274.923117,0,1,-158,1,-126,1,1,0,0,0,0,0,0,7,6,4,7,0,0,1,0,0
-11.0,-39.25,272.194121,0,1,-157,1,-127,1,1,0,0,0,0,0,0,6,5,5,6,0,0,1,0,0
-11.0,-37.75,274.923117,0,1,-156,1,-128,1,1,0,0,0,0,0,0,7,4,6,7,0,0,1,0,0
-11.0,-37.5,273.765912,0,1,-155,1,-129,1,1,0,0,0,0,0,0,6,3,7,6,0,0,1,0,0
-11.0,-35.75,274.923117,0,1,-154,1,-130,1,1,0,0,0,0,0,0,5,4,6,7,0,0,1,0,0
-11.0,-35.0,273.582161,0,1,-153,1,-131,1,1,0,0,0,0,0,0,4,5,7,6,0,0,1,0,0
-11.0,-35.0,274.923117,0,1,-152,1,-132,1,1,0,0,0,0,0,0,5,4,6,5,0,0,1,0,0
-11.0,-32.0,274.808514,0,1,-151,1,-133,1,1,0,0,0,0,0,0,4,5,7,6,0,0,1,0,0
-11.0,-28.0,274.923117,0,1,-150,1,-134,1,1,0,0,0,0,0,0,3,6,6,7,0,0,1,0,0
-11.0,-25.25,271.988282,0,1,-149,1,-135,1,1,0,0,0,0,0,0,4,7,7,6,0,0,1,0,0
-11.0,-25.25,274.923117,0,1,-148,1,-136,1,1,0,0,0,0,0,0,3,6,6,7,0,0,1,0,0
-11.0,-25.25,274.792961,0,1,-147,1,-137,1,1,0,0,0,0,0,0,4,7,7,6,0,0,1,0,0
-13.25,-30.5,274.923117,0,1,-146,1,-138,1,1,0,0,0,0,0,0,5,6,6,5,0,0,1,0,0
-17.25,-33.5,274.923117,0,1,-145,1,-139,1,1,0,0,0,0,0,0,4,5,7,4,0,0,1,0,0
-17.25,-33.5,274.923117,0,1,-144,1,-140,1,1,0,0,0,0,0,0,5,4,6,3,0,0,1,0,0
-27.0,-36.5,274.777483,0,1,-143,1,-141,1,1,0,0,0,0,0,0,6,3,5,4,0,0,1,0,0
-29.0,-37.0,274.923117,0,1,-142,1,-142,1,1,0,0,0,0,0,0,7,4,6,3,0,0,1,0,0
-29.0,-37.0,274.923117,0,1,-141,1,-143,1,1,0,0,0,0,0,0,6,3,5,4,0,0,1,0,0
-11.0,-19.5,274.76593,0,1,-140,1,-144,1,1,0,0,0,0,0,0,7,4,6,5,0,0,1,0,0
-11.0,-7.75,262.790448,0,1,-139,1,-145,1,1,0,0,0,0,0,0,6,3,7,6,0,0,1,0,0
-29.5,-18.75,262.132648,0,1,-138,1,-146,1,1,0,0,0,0,0,0,5,4,6,5,0,0,1,0,0
-29.75,-19.0,274.923117,0,1,-137,1,-147,1,1,0,0,0,0,0,0,6,5,7,4,0,0,1,0,0
-29.75,-19.0,274.923117,0,1,-136,1,-148,1,1,0,0,0,0,0,0,7,6,6,5,0,0,1,0,0
-29.5,-15.25,274.746791,0,1,-135,1,-149,1,1,0,0,0,0,0,0,6,5,7,4,0,0,1,0,0
-29.5,-15.25,274.923117,0,1,-134,1,-150,1,1,0,0,0,0,0,0,5,4,6,3,0,0,1,0,0
-24.75,-13.25,274.73918,0,1,-133,1,-151,1,1,0,0,0,0,0,0,4,5,7,4,0,0,1,0,0
-11.0,-5.75,271.866734,0,1,-132,1,-152,1,1,0,0,0,0,0,0,5,6,6,5,0,0,1,0,0
-11.0,-2.25,269.484254,0,1,-131,1,-153,1,1,0,0,0,0,0,0,4,7,7,4,0,0,1,0,0
-11.0,0.5,270.854866,0,1,-130,1,-154,1,1,0,0,0,0,0,0,5,6,6,5,0,0,1,0,0
-11.0,3.5,270.311171,0,1,-129,1,-155,1,1,0,0,0,0,0,0,4,7,5,6,0,0,1,0,0
-11.0,5.25,267.693711,0,1,-128,1,-156,1,1,0,0,0,0,0,0,3,6,6,7,0,0,1,0,0
-11.0,9.75,263.914183,0,1,-127,1,-157,1,1,0,0,0,0,0,0,4,7,5,6,0,0,1,0,0
-11.0,12.25,257.225228,0,1,-126,1,-158,1,1,0,0,0,0,0,0,5,6,4,7,0,0,1,0,0
-11.0,12.25,249.1856,0,1,-125,1,-159,1,1,0,0,0,0,0,0,6,5,3,6,0,0,1,0,0
-11.0,12.0,241.527934,0,1,-124,1,-160,1,1,0,0,0,0,0,0,7,4,4,5,0,0,1,0,0
-11.0,10.75,234.430173,0,1,-123,1,-161,1,1,0,0,0,0,0,0,6,3,5,4,0,0,1,0,0
-11.0,0.25,228.428494,0,1,-122,1,-162,1,1,0,0,0,0,0,0,5,4,6,3,0,0,1,0,0
-11.0,-1.25,228.1276,0,1,-121,1,-163,1,1,0,0,0,0,0,0,4,3,7,4,0,0,1,0,0
-11.0,-2.5,228.610767,0,1,-120,1,-164,1,1,0,0,0,0,0,0,5,4,6,5,0,0,1,0,0
-11.0,-2.5,229.757669,0,1,-119,1,-165,1,1,0,0,0,0,0,0,6,5,7,6,0,0,1,0,0
-11.0,-2.5,230.916365,0,1,-118,1,-166,1,1,0,0,0,0,0,0,7,4,6,5,0,0,1,0,0
-11.0,-4.0,232.086539,0,1,-117,1,-167,1,1,0,0,0,0,0,0,6,5,5,4,0,0,1,0,0
-11.0,-4.25,234.100279,0,1,-116,1,-168,1,1,0,0,0,0,0,0,7,4,6,3,0,0,1,0,0
-11.0,-4.25,236.292344,0,1,-115,1,-169,1,1,0,0,0,0,0,0,6,3,7,4,0,0,1,0,0
-11.0,-4.25,238.524865,0,1,-114,1,-170,1,1,0,0,0,0,0,0,5,4,6,5,0,0,1,0,0
-11.0,-4.25,240.796474,0,1,-113,1,-171,1,1,0,0,0,0,0,0,6,3,5,4,0,0,1,0,0
-11.0,-4.25,243.105836,0,1,-112,1,-172,1,1,0,0,0,0,0,0,7,4,4,3,0,0,1,0,0
-11.0,-4.25,245.45165,0,1,-111,1,-173,1,1,0,0,0,0,0,0,6,5,3,4,0,0,1,0,0
-11.0,-4.25,247.832648,0,1,-110,1,-174,1,1,0,0,0,0,0,0,5,4,4,3,0,0,1,0,0
-11.0,-7.25,250.247597,0,1,-109,1,-175,1,1,0,0,0,0,0,0,6,5,3,4,0,0,1,0,0
-11.0,-7.25,254.6224,0,1,-108,1,-176,1,1,0,0,0,0,0,0,7,6,4,5,0,0,1,0,0
-11.0,-7.75,259.101565,0,1,-107,1,-177,1,1,0,0,0,0,0,0,6,5,3,4,0,0,1,0,0
-11.0,-7.75,264.017449,0,1,-106,1,-178,1,1,0,0,0,0,0,0,7,4,4,3,0,0,1,0,0
-11.0,-7.75,269.040765,0,1,-105,1,-179,1,1,0,0,0,0,0,0,6,3,3,4,0,0,1,0,0
-11.0,-7.75,274.165215,0,1,-104,1,-180,1,1,0,0,0,0,0,0,5,4,4,3,0,0,1,0,0
-11.0,-7.75,274.923117,0,1,-103,1,-181,1,1,0,0,0,0,0,0,4,3,3,4,0,0,1,0,0
-11.0,-7.75,274.625275,0,1,-102,1,-182,1,1,0,0,0,0,0,0,5,4,4,3,0,0,1,0,0
-11.0,-7.75,274.923117,0,1,-101,1,-183,1,1,0,0,0,0,0,0,6,3,3,4,0,0,1,0,0
-11.0,-7.75,274.61824,0,1,-100,1,-184,1,1,0,0,0,0,0,0,5,4,4,3,0,0,1,0,0
-11.0,-7.25,274.923117,0,1,-99,1,-185,1,1,0,0,0,0,0,0,6,5,5,4,0,0,1,0,0
-11.0,-6.75,274.258326,0,1,-98,1,-186,1,1,0,0,0,0,0,0,5,4,4,5,0,0,1,0,0
-11.0,-7.5,274.923117,0,1,-97,1,-187,1,1,0,0,0,0,0,0,4,5,5,6,0,0,1,0,0
-31.25,-24.5,274.923117,0,1,-96,1,-188,1,1,0,0,0,0,0,0,5,4,6,7,0,0,1,0,0
-31.5,-24.5,274.923117,0,1,-95,1,-189,1,1,0,0,0,0,0,0,6,5,5,6,0,0,1,0,0
-31.75,-24.5,274.597404,0,1,-94,1,-190,1,1,0,0,0,0,0,0,5,6,6,5,0,0,1,0,0
-31.5,-23.75,274.923117,0,1,-93,1,-191,1,1,0,0,0,0,0,0,6,5,7,6,0,0,1,0,0
-12.5,-22.25,274.061378,0,1,-92,1,-192,1,1,0,0,0,0,0,0,5,6,6,5,0,0,1,0,0
-11.0,-25.25,262.006732,0,1,-91,1,-193,1,1,0,0,0,0,0,0,6,7,5,6,0,0,1,0,0
-11.0,-24.5,269.68223,0,1,-90,1,-194,1,1,0,0,0,0,0,0,7,6,4,7,0,0,1,0,0
-11.0,-24.25,274.05121,0,1,-89,1,-195,1,1,0,0,0,0,0,0,6,7,3,6,0,0,1,0,0
-11.0,-23.25,274.923117,0,1,-88,1,-196,1,1,0,0,0,0,0,0,7,6,4,7,0,0,1,0,0
-13.0,-23.75,273.868341,0,1,-87,1,-197,1,1,0,0,0,0,0,0,6,7,3,6,0,0,1,0,0
-22.0,-26.25,274.923117,0,1,-86,1,-198,1,1,0,0,0,0,0,0,7,6,4,5,0,0,1,0,0
-31.75,-29.25,274.923117,0,1,-85,1,-199,1,1,0,0,0,0,0,0,6,7,3,4,0,0,1,0,0
-25.5,-23.0,274.923117,0,1,-84,1,-200,1,1,0,0,0,0,0,0,7,6,4,5,0,0,1,0,0
-11.0,-14.25,265.884199,0,1,-83,1,-201,1,1,0,0,0,0,0,0,6,5,3,4,0,0,1,0,0
-57.25,-38.75,274.923117,0,1,-82,1,-202,1,1,0,0,0,0,0,0,5,4,4,3,0,0,1,0,0
-52.75,-32.25,274.923117,0,1,-81,1,-203,1,1,0,0,0,0,0,0,6,5,5,4,0,0,1,0,0
-31.25,-20.75,266.933646,0,1,-80,1,-204,1,1,0,0,0,0,0,0,5,6,6,5,0,0,1,0,0
-31.25,-21.0,274.923117,0,1,-79,1,-205,1,1,0,0,0,0,0,0,4,7,7,4,0,0,1,0,0
-31.25,-21.0,274.720571,0,1,-78,1,-206,1,1,0,0,0,0,0,0,3,6,6,3,0,0,1,0,0
-31.25,-21.0,274.923117,0,1,-77,1,-207,1,1,0,0,0,0,0,0,4,7,5,4,0,0,1,0,0
-31.25,-21.0,274.53754,0,1,-76,1,-208,1,1,0,0,0,0,0,0,5,6,4,5,0,0,1,0,0
-31.25,-21.0,274.923117,0,1,-75,1,-209,1,1,0,0,0,0,0,0,6,5,3,4,0,0,1,0,0
-31.25,-21.0,274.531154,0,1,-74,1,-210,1,1,0,0,0,0,0,0,7,6,4,5,0,0,1,0,0
-31.25,-21.0,274.923117,0,1,-73,1,-211,1,1,0,0,0,0,0,0,6,7,5,6,0,0,1,0,0
-31.25,-21.0,274.524825,0,1,-72,1,-212,0,1,0,0,0,0,0,0,7,6,4,7,0,0,1,0,0
-31.25,-21.0,274.923117,0,1,-72,1,-213,0,1,0,0,0,0,0,0,6,7,5,6,0,0,1,0,0
-31.25,-21.0,274.518553,0,1,-72,1,-214,0,1,0,0,0,0,0,0,7,6,6,7,0,0,1,0,0
-31.25,-21.0,274.923117,0,1,-72,1,-215,0,1,0,0,0,0,0,0,6,7,7,6,0,0,1,0,0
-31.25,-21.0,274.51234,0,1,-72,1,-216,0,1,0,0,0,0,0,0,5,6,6,5,0,0,1,0,0
-31.25,-21.0,274.923117,0,1,-72,1,-217,0,1,0,0,0,0,0,0,6,7,5,6,0,0,1,0,0
-31.25,-21.0,274.506186,0,1,-72,1,-218,0,1,0,0,0,0,0,0,5,6,4,7,0,0,1,0,0
-31.25,-21.0,274.923117,0,1,-72,1,-219,0,1,0,0,0,0,0,0,6,7,5,6,0,0,1,0,0
-31.25,-21.0,274.500092,0,1,-72,1,-220,0,1,0,0,0,0,0,0,7,6,6,5,0,0,1,0,0
-31.25,-21.0,274.923117,0,1,-72,1,-221,0,1,0,0,0,0,0,0,6,7,7,4,0,0,1,0,0
-31.25,-21.0,274.494058,0,1,-72,1,-222,0,1,0,0,0,0,0,0,5,6,6,3,0,0,1,0,0
-31.25,-21.0,274.923117,0,1,-72,1,-223,0,1,0,0,0,0,0,0,4,5,5,4,0,0,1,0,0
-31.25,-21.0,274.488087,0,1,-72,1,-224,0,1,0,0,0,0,0,0,5,4,6,5,0,0,1,0,0
-31.25,-21.0,274.923117,0,1,-72,1,-225,0,1,0,0,0,0,0,0,4,3,7,6,0,0,1,0,0
-31.25,-21.0,274.482179,0,1,-72,1,-226,0,1,0,0,0,0,0,0,3,4,6,7,0,0,1,0,0
-31.25,-21.0,274.923117,0,1,-72,1,-227,0,1,0,0,0,0,0,0,4,5,7,6,0,0,1,0,0
-31.25,-21.0,274.476334,0,1,-72,1,-228,0,1,0,0,0,0,0,0,3,4,6,5,0,0,1,0,0
-31.25,-21.0,274.923117,0,1,-72,1,-229,0,1,0,0,0,0,0,0,4,3,5,4,0,0,1,0,0
-31.25,-21.0,274.470553,0,1,-72,1,-230,0,1,0,0,0,0,0,0,5,4,6,3,0,0,1,0,0
-31.25,-21.0,274.923117,0,1,-72,1,-231,0,1,0,0,0,0,0,0,4,3,7,4,0,0,1,0,0
-31.25,-21.0,274.464838,0,1,-72,1,-232,0,1,0,0,0,0,0,0,3,4,6,3,0,0,1,0,0
-31.25,-21.0,274.923117,0,1,-72,1,-233,0,1,0,0,0,0,0,0,4,3,5,4,0,0,1,0,0
-31.25,-21.0,274.459189,0,1,-72,1,-234,0,1,0,0,0,0,0,0,3,4,4,3,0,0,1,0,0
-31.25,-21.0,274.923117,0,1,-72,1,-235,0,1,0,0,0,0,0,0,4,3,3,4,0,0,1,0,0
-31.25,-21.0,274.453606,0,1,-72,1,-236,0,1,0,0,0,0,0,0,3,4,4,5,0,0,1,0,0
-31.25,-21.0,274.923117,0,1,-72,1,-237,0,1,0,0,0,0,0,0,4,5,3,4,0,0,1,0,0
-31.25,-21.0,274.448092,0,1,-72,1,-238,0,1,0,0,0,0,0,0,3,6,4,5,0,0,1,0,0
-31.25,-21.0,274.923117,0,1,-72,1,-239,0,1,0,0,0,0,0,0,4,7,3,6,0,0,1,0,0
-31.25,-21.0,274.442646,0,1,-72,1,-240,0,1,0,0,0,0,0,0,5,6,4,5,0,0,1,0,0
-31.25,-21.0,274.923117,0,1,-72,1,-241,0,1,0,0,0,0,0,0,4,5,3,4,0,0,1,0,0
-31.25,-21.0,274.437269,0,1,-72,1,-242,0,1,0,0,0,0,0,0,5,4,4,3,0,0,1,0,0
-31.25,-21.0,274.923117,0,1,-72,1,-243,0,1,0,0,0,0,0,0,4,5,5,4,0,0,1,0,0
-31.25,-21.0,274.431962,0,1,-72,1,-244,0,1,0,0,0,0,0,0,3,4,4,3,0,0,1,0,0
-31.25,-21.0,274.923117,0,1,-72,1,-245,0,1,0,0,0,0,0,0,4,3,5,4,0,0,1,0,0
-31.25,-21.0,274.426725,0,1,-72,1,-246,0,1,0,0,0,0,0,0,5,4,4,5,0,0,1,0,0
-31.25,-21.0,274.923117,0,1,-72,1,-247,0,1,0,0,0,0,0,0,6,3,3,6,0,0,1,0,0
-31.25,-21.0,274.421561,0,1,-72,1,-248,0,1,0,0,0,0,0,0,5,4,4,7,0,0,1,0,0
-31.25,-21.0,274.923117,0,1,-72,1,-249,0,1,0,0,0,0,0,0,6,5,3,6,0,0,1,0,0
-31.25,-21.0,274.416468,0,1,-72,1,-250,0,1,0,0,0,0,0,0,5,4,4,7,0,0,1,0,0
-31.25,-21.0,274.923117,0,1,-72,0,-251,0,1,1,0,0,0,0,0,6,5,5,6,0,0,1,0,0
-31.25,-21.0,274.411449,0,1,-72,0,-251,0,1,1,0,0,0,0,0,5,4,4,5,0,0,1,0,0
-31.25,-21.0,274.923117,0,1,-72,0,-251,0,1,1,0,0,0,0,0,6,5,3,6,0,0,1,0,0
-31.25,-21.0,274.406503,0,1,-72,0,-251,0,1,1,0,0,0,0,0,5,6,4,7,0,0,1,0,0
-31.25,-21.0,274.923117,0,1,-72,0,-251,0,1,1,0,0,0,0,0,4,5,3,6,0,0,1,0,0
-31.25,-21.0,274.401631,0,1,-72,0,-251,0,1,1,0,0,0,0,0,3,6,4,5,0,0,1,0,0
-31.25,-21.0,274.923117,0,1,-72,0,-251,0,1,1,0,0,0,0,0,4,7,3,4,0,0,1,0,0
-31.25,-21.0,274.396835,0,1,-72,0,-251,0,1,1,0,0,0,0,0,3,6,4,5,0,0,1,0,0
-31.25,-21.0,274.923117,0,1,-72,0,-251,0,1,1,0,0,0,0,0,4,5,5,4,0,0,1,0,0
-31.25,-21.0,274.392115,0,1,-72,0,-251,0,1,1,0,0,0,0,0,5,6,4,3,0,0,1,0,0
-31.25,-21.0,274.923055,0,1,-72,0,-251,0,1,1,0,0,0,0,0,4,5,5,4,0,0,1,0,0
-31.25,-21.0,274.387471,0,1,-72,0,-251,0,1,1,0,0,0,0,0,3,6,6,3,0,0,1,0,0
-31.25,-21.0,274.917557,0,1,-72,0,-251,0,1,1,0,0,0,0,0,4,5,5,4,0,0,1,0,0
-31.25,-21.0,274.382904,0,1,-72,0,-251,0,1,1,0,0,0,0,0,5,4,4,5,0,0,1,0,0
-31.25,-21.0,274.91206,0,1,-72,0,-251,0,1,1,0,0,0,0,0,6,3,5,6,0,0,1,0,0
-31.25,-21.0,274.378415,0,1,-72,0,-251,0,1,1,0,0,0,0,0,5,4,6,7,0,0,1,0,0
-31.25,-21.0,274.906563,0,1,-72,0,-251,0,1,1,0,0,0,0,0,4,5,7,6,0,0,1,0,0
-31.25,-21.0,274.374004,0,1,-72,0,-251,0,1,1,0,0,0,0,0,5,4,6,5,0,0,1,0,0
-31.25,-21.0,274.901068,0,1,-72,0,-251,0,1,1,0,0,0,0,0,4,5,5,4,0,0,1,0,0
-31.25,-21.0,274.369672,0,1,-72,0,-251,0,1,1,0,0,0,0,0,3,4,4,3,0,0,1,0,0
-31.25,-21.0,274.895576,0,1,-72,0,-251,0,1,1,0,0,0,0,0,4,3,5,4,0,0,1,0,0
-31.25,-21.0,274.365421,0,1,-72,0,-251,0,1,1,0,0,0,0,0,3,4,4,3,0,0,1,0,0
-31.25,-21.0,274.890087,0,1,-72,0,-251,0,1,1,0,0,0,0,0,4,3,5,4,0,0,1,0,0
-31.25,-21.0,274.361249,0,1,-72,0,-251,0,1,1,0,0,0,0,0,5,4,6,5,0,0,1,0,0
-11.0,-41.75,274.884601,0,1,-72,0,-251,0,1,1,0,0,0,0,0,6,3,7,4,0,0,1,0,0
-11.0,-31.75,274.923117,0,1,-72,0,-251,0,1,1,0,0,0,0,0,5,4,6,3,0,0,1,0,0
-23.0,-36.0,267.347407,0,1,-72,0,-251,0,1,1,0,0,0,0,0,4,3,5,4,0,0,1,0,0
-23.75,-35.75,274.923117,0,1,-72,0,-251,0,1,1,0,0,0,0,0,5,4,6,5,0,0,1,0,0
-26.0,-33.25,274.174825,0,1,-72,0,-251,0,1,1,0,0,0,0,0,6,3,5,6,0,0,1,0,0
-20.5,-34.25,274.923117,0,1,-72,0,-251,0,1,1,0,0,0,0,0,7,4,4,5,0,0,1,0,0
-11.0,-45.0,271.007776,0,1,-72,0,-251,0,1,1,0,0,0,0,0,6,5,5,6,0,0,1,0,0
-11.0,-62.25,274.923117,0,1,-72,0,-251,0,1,1,0,0,0,0,0,7,4,6,7,0,0,1,0,0
-11.0,-62.25,274.862701,0,1,-72,0,-251,0,1,1,0,0,0,0,0,6,3,7,6,0,0,1,0,0
-11.0,-59.5,274.341616,0,1,-72,0,-251,0,1,1,0,0,0,0,0,5,4,6,5,0,0,1,0,0
-12.25,-62.0,274.857241,0,1,-72,0,-251,0,1,1,0,0,0,0,0,6,3,5,6,0,0,1,0,0
-114.5,-47.25,274.923117,0,1,-72,0,-251,0,1,1,0,0,0,0,0,7,4,6,5,0,0,1,0,0
-113.75,-48.75,264.135552,0,1,-72,0,-251,0,1,1,0,0,0,0,0,6,3,5,4,0,0,1,0,0
-69.0,-55.0,274.319388,0,1,-72,0,-251,0,1,1,0,0,0,0,0,5,4,6,3,0,0,1,0,0
-69.25,-55.0,274.923117,0,1,-72,0,-251,0,1,1,0,0,0,0,0,6,3,5,4,0,0,1,0,0
-69.25,-55.0,274.330836,0,1,-72,0,-251,0,1,1,0,0,0,0,0,5,4,4,3,0,0,1,0,0
-69.25,-55.0,274.840901,0,1,-72,0,-251,0,1,1,0,0,0,0,0,4,3,3,4,0,0,1,0,0
-69.25,-55.0,274.327412,0,1,-72,0,-251,0,1,1,0,0,0,0,0,5,4,4,3,0,0,1,0,0
