19671.814076,0.200904,input,track,joystick_y,0
19671.818178,0.210291,input,track,joystick_y,0
19671.851167,0.243298,input,track,joystick_y,0
19671.877856,0.269993,input,track,joystick_y,0
19671.903069,0.295164,input,track,joystick_y,0
19673.500149,0.322921,input,track,joystick_y,0
19673.52589,0.348682,input,track,joystick_y,0
19673.561774,0.384484,input,track,joystick_y,0
19673.643813,0.466644,input,track,joystick_y,0
19673.675372,0.498167,input,track,joystick_y,0
19673.709608,0.532384,input,track,joystick_y,0
19673.745923,0.56868,input,track,joystick_y,0
19673.777929,0.600664,input,track,joystick_y,0
19673.810632,0.633359,input,track,joystick_y,0
19673.844798,0.667457,input,track,joystick_y,0
19673.878272,0.701017,input,track,joystick_y,0
19673.911002,0.733742,input,track,joystick_y,0
19673.944915,0.767603,input,track,joystick_y,0
19673.977824,0.800529,input,track,joystick_y,0
19674.011026,0.833742,input,track,joystick_y,0
19674.044495,0.86723,input,track,joystick_y,0
19674.077759,0.900526,input,track,joystick_y,0
19674.110668,0.933415,input,track,joystick_y,0
19674.144953,0.967692,input,track,joystick_y,0
19674.17761,1.000342,input,track,joystick_y,0
19674.210952,1.033672,input,track,joystick_y,0
19674.244177,1.066915,input,track,joystick_y,0
19674.277781,1.100533,input,track,joystick_y,0
19674.310606,1.133282,input,track,joystick_y,0
19674.343943,1.166679,input,track,joystick_y,0
19674.377678,1.200371,input,track,joystick_y,0
19674.410557,1.233269,input,track,joystick_y,0
19674.443798,1.266543,input,track,joystick_y,0
19674.477141,1.299899,input,track,joystick_y,0
19674.509262,1.331906,input,track,joystick_y,0
19674.541815,1.364365,input,track,joystick_y,0
19674.574369,1.397143,input,track,joystick_y,0
19674.610795,1.433557,input,track,joystick_y,0
19674.643821,1.46657,input,track,joystick_y,0
19674.677837,1.500599,input,track,joystick_y,0
19674.710612,1.533301,input,track,joystick_y,0
19674.743597,1.566349,input,track,joystick_y,0
19674.778079,1.600768,input,track,joystick_y,0
19674.810499,1.633171,input,track,joystick_y,0
19674.843616,1.666358,input,track,joystick_y,0
19674.877405,1.700078,input,track,joystick_y,0
19674.910446,1.733137,input,track,joystick_y,0
19674.943182,1.765934,input,track,joystick_y,0
19674.977325,1.799846,input,track,joystick_y,0
19675.010288,1.832957,input,track,joystick_y,0
19675.043297,1.866035,input,track,joystick_y,0
19675.076778,1.899548,input,track,joystick_y,0
19675.110936,1.933587,input,track,joystick_y,0
19675.143235,1.965996,input,track,joystick_y,0
19675.17641,1.99918,input,track,joystick_y,0
19675.20952,2.032221,input,track,joystick_y,0
19675.243193,2.065977,input,track,joystick_y,0
19675.276118,2.098869,input,track,joystick_y,0
19675.309648,2.132309,input,track,joystick_y,0
19675.34282,2.165561,input,track,joystick_y,0
19675.37696,2.199487,input,track,joystick_y,0
19675.408226,2.23086,input,track,joystick_y,0
19675.442236,2.264956,input,track,joystick_y,0
19675.475498,2.298236,input,track,joystick_y,0
19675.509285,2.332058,input,track,joystick_y,0
19675.542543,2.365295,input,track,joystick_y,0
19675.574819,2.397565,input,track,joystick_y,0
19675.609518,2.432269,input,track,joystick_y,0
19675.642232,2.464945,input,track,joystick_y,0
19675.675544,2.498297,input,track,joystick_y,0
19675.708963,2.531745,input,track,joystick_y,0
19675.742321,2.565078,input,track,joystick_y,0
19675.774988,2.597718,input,track,joystick_y,0
19675.808277,2.631022,input,track,joystick_y,0
19675.842563,2.665289,input,track,joystick_y,0
19675.875373,2.698078,input,track,joystick_y,0
19675.909155,2.7319,input,track,joystick_y,0
19675.942262,2.765024,input,track,joystick_y,0
19675.975409,2.798135,input,track,joystick_y,0
19676.0088,2.831562,input,track,joystick_y,0
19676.04258,2.865289,input,track,joystick_y,0
19676.075034,2.89779,input,track,joystick_y,0
19676.108584,2.931339,input,track,joystick_y,0
19676.141983,2.964692,input,track,joystick_y,0
19676.175243,2.99799,input,track,joystick_y,0
19676.208006,3.030745,input,track,joystick_y,0
19676.241543,3.064241,input,track,joystick_y,0
19676.274734,3.097484,input,track,joystick_y,0
19676.30828,3.13099,input,track,joystick_y,0
19676.341554,3.1643,input,track,joystick_y,0
19676.375316,3.198021,input,track,joystick_y,0
19676.408005,3.230773,input,track,joystick_y,0
19676.441737,3.264473,input,track,joystick_y,0
19676.475087,3.297846,input,track,joystick_y,0
19676.508329,3.331035,input,track,joystick_y,0
19676.542097,3.364832,input,track,joystick_y,0
19676.574557,3.397293,input,track,joystick_y,0
19676.607961,3.430734,input,track,joystick_y,0
19676.641337,3.464208,input,track,joystick_y,0
19676.675942,3.498685,input,track,joystick_y,0
19676.708624,3.531382,input,track,joystick_y,0
19676.742204,3.564952,input,track,joystick_y,0
19676.774656,3.597421,input,track,joystick_y,0
19676.808739,3.631351,input,track,joystick_y,0
19676.842345,3.665116,input,track,joystick_y,0
19676.875021,3.697768,input,track,joystick_y,0
19676.908471,3.731188,input,track,joystick_y,0
19676.942112,3.764756,input,track,joystick_y,0
19676.974975,3.797719,input,track,joystick_y,0
19677.007741,3.830516,input,track,joystick_y,0
19677.039674,3.862377,input,track,joystick_y,0
19677.075255,3.897986,input,track,joystick_y,0
19677.108288,3.931023,input,track,joystick_y,0
19677.141468,3.964222,input,track,joystick_y,0
19677.174932,3.9977,input,track,joystick_y,0
19677.207972,4.030751,input,track,joystick_y,0
19677.241522,4.064212,input,track,joystick_y,0
19677.275285,4.097896,input,track,joystick_y,0
19677.307759,4.130502,input,track,joystick_y,0
19677.341051,4.163819,input,track,joystick_y,0
19677.374747,4.197433,input,track,joystick_y,0
19677.409379,4.230447,input,track,joystick_y,0
19677.440278,4.263015,input,track,joystick_y,0
19677.474502,4.297224,input,track,joystick_y,0
19677.507548,4.330273,input,track,joystick_y,0
19677.540691,4.363396,input,track,joystick_y,0
19677.574118,4.396868,input,track,joystick_y,0
19677.607212,4.429954,input,track,joystick_y,0
19677.640121,4.462889,input,track,joystick_y,0
19677.673969,4.496756,input,track,joystick_y,0
19677.706789,4.529518,input,track,joystick_y,0
19677.740357,4.563092,input,track,joystick_y,0
19677.773948,4.596698,input,track,joystick_y,0
19677.805836,4.628572,input,track,joystick_y,0
19677.840496,4.663211,input,track,joystick_y,0
19677.874099,4.696886,input,track,joystick_y,0
19677.906913,4.729645,input,track,joystick_y,0
19677.940092,4.762824,input,track,joystick_y,0
19677.97338,4.796097,input,track,joystick_y,0
19678.006972,4.829746,input,track,joystick_y,0
19678.040321,4.863063,input,track,joystick_y,0
19678.073557,4.896285,input,track,joystick_y,0
19678.106494,4.929208,input,track,joystick_y,0
19678.139997,4.962754,input,track,joystick_y,0
19678.173189,4.99592,input,track,joystick_y,0
19678.206296,5.029054,input,track,joystick_y,0
19678.240117,5.062851,input,track,joystick_y,0
19678.273047,5.095785,input,track,joystick_y,0
19678.306674,5.129418,input,track,joystick_y,0
19678.340166,5.162905,input,track,joystick_y,0
19678.373464,5.19618,input,track,joystick_y,0
19678.407969,5.23072,input,track,joystick_y,0
19678.439188,5.261934,input,track,joystick_y,0
19678.47308,5.295828,input,track,joystick_y,0
19678.50625,5.328965,input,track,joystick_y,0
19678.539606,5.362354,input,track,joystick_y,0
19678.572962,5.395714,input,track,joystick_y,0
19678.606581,5.429336,input,track,joystick_y,0
19678.63952,5.462258,input,track,joystick_y,0
19678.672721,5.495499,input,track,joystick_y,0
19678.70628,5.52901,input,track,joystick_y,0
19678.739434,5.562197,input,track,joystick_y,0
19678.772879,5.595597,input,track,joystick_y,0
19678.804888,5.627644,input,track,joystick_y,0
19678.839405,5.662132,input,track,joystick_y,0
19678.872952,5.695639,input,track,joystick_y,0
19678.906055,5.728686,input,track,joystick_y,0
19678.939389,5.762104,input,track,joystick_y,0
19678.972047,5.794812,input,track,joystick_y,0
19679.005891,5.828652,input,track,joystick_y,0
19679.039133,5.861881,input,track,joystick_y,0
19679.072505,5.895206,input,track,joystick_y,0
19679.105467,5.928217,input,track,joystick_y,0
19679.1394,5.962103,input,track,joystick_y,0
19679.172117,5.994867,input,track,joystick_y,0
19679.20562,6.028357,input,track,joystick_y,0
19679.239115,6.061874,input,track,joystick_y,0
19679.272386,6.09514,input,track,joystick_y,0
19679.305395,6.128095,input,track,joystick_y,0
19679.339412,6.162124,input,track,joystick_y,0
19679.372492,6.19525,input,track,joystick_y,0
19679.405483,6.228213,input,track,joystick_y,0
19679.438193,6.260956,input,track,joystick_y,0
19679.472453,6.295212,input,track,joystick_y,0
19679.505294,6.328069,input,track,joystick_y,0
19679.539498,6.36226,input,track,joystick_y,0
19679.572037,6.394773,input,track,joystick_y,0
19679.60444,6.427165,input,track,joystick_y,0
19679.639373,6.462104,input,track,joystick_y,0
19679.672471,6.495198,input,track,joystick_y,0
19679.704983,6.527689,input,track,joystick_y,0
19679.739258,6.562052,input,track,joystick_y,0
19679.771848,6.594582,input,track,joystick_y,0
19679.803526,6.626303,input,track,joystick_y,0
19679.839002,6.661692,input,track,joystick_y,0
19679.872078,6.694838,input,track,joystick_y,0
19679.905198,6.727937,input,track,joystick_y,0
19679.938561,6.761312,input,track,joystick_y,0
19679.971852,6.794582,input,track,joystick_y,0
19680.005416,6.828151,input,track,joystick_y,0
19680.038237,6.86097,input,track,joystick_y,0
19680.071697,6.89443,input,track,joystick_y,0
19680.104645,6.927391,input,track,joystick_y,0
19680.138475,6.961198,input,track,joystick_y,0
19680.171431,6.994127,input,track,joystick_y,0
19680.204561,7.027312,input,track,joystick_y,0
19680.238321,7.061007,input,track,joystick_y,0
19680.270772,7.093522,input,track,joystick_y,0
19680.304947,7.127637,input,track,joystick_y,0
19680.338346,7.161065,input,track,joystick_y,0
19680.37172,7.194465,input,track,joystick_y,0
19680.404693,7.227411,input,track,joystick_y,0
19680.437868,7.260627,input,track,joystick_y,0
19680.471717,7.294423,input,track,joystick_y,0
19680.504528,7.327233,input,track,joystick_y,0
19680.538239,7.360943,input,track,joystick_y,0
19680.571038,7.393762,input,track,joystick_y,0
19680.604335,7.427056,input,track,joystick_y,0
19680.637508,7.460246,input,track,joystick_y,0
19680.669429,7.492193,input,track,joystick_y,0
19680.705191,7.527815,input,track,joystick_y,0
19680.738545,7.561208,input,track,joystick_y,0
19680.770941,7.593604,input,track,joystick_y,0
19680.803581,7.626178,input,track,joystick_y,0
19680.837647,7.660298,input,track,joystick_y,0
19680.868774,7.691467,input,track,joystick_y,0
19680.903945,7.726593,input,track,joystick_y,0
19680.937982,7.760587,input,track,joystick_y,0
19680.973725,7.796344,input,track,joystick_y,0
19681.006136,7.828765,input,track,joystick_y,0
19681.03596,7.858761,input,track,joystick_y,0
19681.068492,7.891226,input,track,joystick_y,0
19681.103668,7.926385,input,track,joystick_y,0
19681.137532,7.960246,input,track,joystick_y,0
19681.170473,7.993222,input,track,joystick_y,0
19681.204848,8.027427,input,track,joystick_y,0
19681.236058,8.058761,input,track,joystick_y,0
19681.271548,8.094214,input,track,joystick_y,0
19681.305765,8.128528,input,track,joystick_y,0
19681.337967,8.160752,input,track,joystick_y,0
19681.37108,8.193853,input,track,joystick_y,0
19681.401465,8.224281,input,track,joystick_y,0
19681.436413,8.257923,input,track,joystick_y,0
19681.470942,8.293683,input,track,joystick_y,0
19681.504958,8.327686,input,track,joystick_y,0
19681.537271,8.360029,input,track,joystick_y,0
19681.570977,8.393758,input,track,joystick_y,0
19681.604426,8.427178,input,track,joystick_y,0
19681.637461,8.460218,input,track,joystick_y,0
19681.670447,8.493154,input,track,joystick_y,0
19681.704305,8.527058,input,track,joystick_y,0
19681.736986,8.55974,input,track,joystick_y,0
19681.770553,8.593285,input,track,joystick_y,0
19681.805963,8.628578,input,track,joystick_y,0
19681.837092,8.659839,input,track,joystick_y,0
19681.870596,8.693276,input,track,joystick_y,0
19681.904271,8.72704,input,track,joystick_y,0
19681.937062,8.759848,input,track,joystick_y,0
19681.970374,8.7931,input,track,joystick_y,0
19682.005777,8.828385,input,track,joystick_y,0
19682.033794,8.856646,input,track,joystick_y,0
19682.069221,8.891992,input,track,joystick_y,0
19682.103576,8.926295,input,track,joystick_y,0
19682.136806,8.959566,input,track,joystick_y,0
19682.169948,8.9927,input,track,joystick_y,0
19682.203191,9.025948,input,track,joystick_y,0
19682.237132,9.059871,input,track,joystick_y,0
19682.269328,9.092107,input,track,joystick_y,0
19682.303371,9.126119,input,track,joystick_y,0
19682.33705,9.159813,input,track,joystick_y,0
19682.369923,9.192697,input,track,joystick_y,0
19682.403216,9.225996,input,track,joystick_y,0
19682.436938,9.259694,input,track,joystick_y,0
19682.469693,9.292445,input,track,joystick_y,0
19682.503351,9.326087,input,track,joystick_y,0
19682.536672,9.359378,input,track,joystick_y,0
19682.570013,9.392763,input,track,joystick_y,0
19682.603672,9.426453,input,track,joystick_y,0
19682.63663,9.459385,input,track,joystick_y,0
19682.669765,9.492522,input,track,joystick_y,0
19682.7031,9.525831,input,track,joystick_y,0
19682.737119,9.559769,input,track,joystick_y,0
19682.76967,9.592414,input,track,joystick_y,0
19682.803331,9.625976,input,track,joystick_y,0
19682.834042,9.656856,input,track,joystick_y,0
19682.86987,9.692618,input,track,joystick_y,0
19682.903229,9.725988,input,track,joystick_y,0
19682.93579,9.758573,input,track,joystick_y,0
19682.97019,9.792969,input,track,joystick_y,0
19683.00291,9.825657,input,track,joystick_y,0
19683.034679,9.85738,input,track,joystick_y,0
19683.069552,9.892357,input,track,joystick_y,0
19683.103367,9.926015,input,track,joystick_y,0
19683.135675,9.958429,input,track,joystick_y,0
19683.169722,9.992515,input,track,joystick_y,0
19683.202274,10.025055,input,track,joystick_y,0
19683.235284,10.058011,input,track,joystick_y,0
19683.269293,10.092063,input,track,joystick_y,0
19683.302721,10.125474,input,track,joystick_y,0
19683.335376,10.15816,input,track,joystick_y,0
19683.369177,10.191915,input,track,joystick_y,0
19683.402628,10.225381,input,track,joystick_y,0
19683.436787,10.258251,input,track,joystick_y,0
19683.466361,10.289157,input,track,joystick_y,0
19683.502561,10.325312,input,track,joystick_y,0
19683.535747,10.358508,input,track,joystick_y,0
19683.56877,10.391551,input,track,joystick_y,0
19683.602248,10.424951,input,track,joystick_y,0
19683.635967,10.458696,input,track,joystick_y,0
19683.668994,10.491743,input,track,joystick_y,0
19683.702091,10.524851,input,track,joystick_y,0
19683.735719,10.55849,input,track,joystick_y,0
19683.76857,10.591334,input,track,joystick_y,0
19683.802197,10.624959,input,track,joystick_y,0
19683.836226,10.658998,input,track,joystick_y,0
19683.868933,10.691639,input,track,joystick_y,0
19683.902311,10.725064,input,track,joystick_y,0
19683.935562,10.758325,input,track,joystick_y,0
19683.968664,10.791402,input,track,joystick_y,0
19684.002123,10.824904,input,track,joystick_y,0
19684.035581,10.858348,input,track,joystick_y,0
19684.068341,10.891056,input,track,joystick_y,0
19684.101723,10.924439,input,track,joystick_y,0
19684.135004,10.957726,input,track,joystick_y,0
19684.168654,10.991409,input,track,joystick_y,0
19684.201563,11.024263,input,track,joystick_y,0
19684.2349,11.057606,input,track,joystick_y,0
19684.267493,11.090281,input,track,joystick_y,0
19684.30158,11.124322,input,track,joystick_y,0
19684.335035,11.157762,input,track,joystick_y,0
19684.368231,11.19097,input,track,joystick_y,0
19684.401271,11.224039,input,track,joystick_y,0
19684.434844,11.257598,input,track,joystick_y,0
19684.468199,11.290843,input,track,joystick_y,0
19684.501968,11.324719,input,track,joystick_y,0
19684.535027,11.357775,input,track,joystick_y,0
19684.568602,11.391356,input,track,joystick_y,0
19684.601806,11.424571,input,track,joystick_y,0
19684.63429,11.457069,input,track,joystick_y,0
19684.66773,11.490472,input,track,joystick_y,0
19684.700757,11.52353,input,track,joystick_y,0
19684.735656,11.558244,input,track,joystick_y,0
19684.768238,11.590893,input,track,joystick_y,0
19684.80161,11.624341,input,track,joystick_y,0
19684.834861,11.657586,input,track,joystick_y,0
19684.867713,11.690471,input,track,joystick_y,0
19684.900829,11.723589,input,track,joystick_y,0
19684.93522,11.75794,input,track,joystick_y,0
19684.966244,11.789033,input,track,joystick_y,0
19685.000729,11.823477,input,track,joystick_y,0
19685.034606,11.857395,input,track,joystick_y,0
19685.067547,11.890309,input,track,joystick_y,0
19685.100815,11.923571,input,track,joystick_y,0
19685.135082,11.957809,input,track,joystick_y,0
19685.167686,11.990441,input,track,joystick_y,0
19685.200729,12.023464,input,track,joystick_y,0
19685.234504,12.057281,input,track,joystick_y,0
19685.267208,12.089955,input,track,joystick_y,0
19685.300616,12.123368,input,track,joystick_y,0
19685.333576,12.15636,input,track,joystick_y,0
19685.367466,12.190235,input,track,joystick_y,0
19685.401099,12.223839,input,track,joystick_y,0
19685.434127,12.25694,input,track,joystick_y,0
19685.467065,12.289803,input,track,joystick_y,0
19685.500471,12.323212,input,track,joystick_y,0
19685.534167,12.356907,input,track,joystick_y,0
19685.566998,12.389766,input,track,joystick_y,0
19685.600434,12.423141,input,track,joystick_y,0
19685.633831,12.456574,input,track,joystick_y,0
19685.667321,12.490044,input,track,joystick_y,0
19685.700381,12.523113,input,track,joystick_y,0
19685.733055,12.555869,input,track,joystick_y,0
19685.767122,12.589824,input,track,joystick_y,0
19685.800793,12.62352,input,track,joystick_y,0
19685.833663,12.656436,input,track,joystick_y,0
19685.866638,12.689376,input,track,joystick_y,0
19685.899916,12.72263,input,track,joystick_y,0
19685.933646,12.756381,input,track,joystick_y,0
19685.966933,12.789681,input,track,joystick_y,0
19686.000218,12.822944,input,track,joystick_y,0
19686.030966,12.853753,input,track,joystick_y,0
19686.064553,12.887304,input,track,joystick_y,0
19686.097244,12.92003,input,track,joystick_y,0
19686.130906,12.953644,input,track,joystick_y,0
19686.164042,12.98679,input,track,joystick_y,0
19686.197446,13.020047,input,track,joystick_y,0
19686.229865,13.052693,input,track,joystick_y,0
19686.264284,13.087028,input,track,joystick_y,0
19686.299673,13.122429,input,track,joystick_y,0
19686.332803,13.155562,input,track,joystick_y,0
19686.366399,13.189156,input,track,joystick_y,0
19686.400544,13.223243,input,track,joystick_y,0
19686.433188,13.255888,input,track,joystick_y,0
19686.466532,13.28926,input,track,joystick_y,0
19686.500047,13.322771,input,track,joystick_y,0
19686.533101,13.355815,input,track,joystick_y,0
19686.566245,13.388989,input,track,joystick_y,0
19686.5997,13.42244,input,track,joystick_y,0
19686.633024,13.455761,input,track,joystick_y,0
19686.666561,13.489284,input,track,joystick_y,0
19686.699509,13.522245,input,track,joystick_y,0
19686.733043,13.555772,input,track,joystick_y,0
19686.765967,13.588657,input,track,joystick_y,0
19686.800526,13.623222,input,track,joystick_y,0
19686.832688,13.655431,input,track,joystick_y,0
19686.865771,13.68852,input,track,joystick_y,0
19686.899544,13.722286,input,track,joystick_y,0
19686.932874,13.755618,input,track,joystick_y,0
19686.96648,13.78917,input,track,joystick_y,0
19686.999621,13.822383,input,track,joystick_y,0
19687.03207,13.854835,input,track,joystick_y,0
19687.065863,13.888628,input,track,joystick_y,0
19687.099349,13.922129,input,track,joystick_y,0
19687.133129,13.955799,input,track,joystick_y,0
19687.165401,13.988106,input,track,joystick_y,0
19687.198894,14.021636,input,track,joystick_y,0
19687.232145,14.054925,input,track,joystick_y,0
19687.265036,14.08776,input,track,joystick_y,0
19687.298637,14.121398,input,track,joystick_y,0
19687.332008,14.154771,input,track,joystick_y,0
19687.365918,14.188552,input,track,joystick_y,0
19687.396572,14.2193,input,track,joystick_y,0
19687.429017,14.251784,input,track,joystick_y,0
19687.464831,14.286026,input,track,joystick_y,0
19687.495888,14.318681,input,track,joystick_y,0
19687.529931,14.352568,input,track,joystick_y,0
19687.564239,14.38694,input,track,joystick_y,0
19687.598627,14.421361,input,track,joystick_y,0
19687.632025,14.454729,input,track,joystick_y,0
19687.664682,14.48736,input,track,joystick_y,0
19687.697533,14.520311,input,track,joystick_y,0
19687.731917,14.554536,input,track,joystick_y,0
19687.765578,14.588358,input,track,joystick_y,0
19687.79856,14.621303,input,track,joystick_y,0
19687.830499,14.653295,input,track,joystick_y,0
19687.864727,14.687449,input,track,joystick_y,0
19687.89814,14.720865,input,track,joystick_y,0
19687.931603,14.754309,input,track,joystick_y,0
19687.964731,14.787462,input,track,joystick_y,0
19687.997926,14.820682,input,track,joystick_y,0
19688.031195,14.85395,input,track,joystick_y,0
19688.064853,14.887576,input,track,joystick_y,0
19688.097928,14.920711,input,track,joystick_y,0
19688.131671,14.954414,input,track,joystick_y,0
19688.164493,14.98725,input,track,joystick_y,0
19688.197615,15.020346,input,track,joystick_y,0
19688.231415,15.054125,input,track,joystick_y,0
19688.264549,15.087298,input,track,joystick_y,0
19688.29766,15.120406,input,track,joystick_y,0
19688.331264,15.153998,input,track,joystick_y,0
19688.364315,15.187027,input,track,joystick_y,0
19688.39759,15.220331,input,track,joystick_y,0
19688.430878,15.253626,input,track,joystick_y,0
19688.464215,15.286952,input,track,joystick_y,0
19688.497116,15.319852,input,track,joystick_y,0
19688.53083,15.353595,input,track,joystick_y,0
19688.563814,15.386547,input,track,joystick_y,0
19688.597574,15.420312,input,track,joystick_y,0
19688.63095,15.453706,input,track,joystick_y,0
19688.663914,15.486687,input,track,joystick_y,0
19688.697548,15.520205,input,track,joystick_y,0
19688.730861,15.553621,input,track,joystick_y,0
19688.76398,15.586718,input,track,joystick_y,0
19688.798492,15.621187,input,track,joystick_y,0
19688.830448,15.653152,input,track,joystick_y,0
19688.86383,15.686581,input,track,joystick_y,0
19688.897191,15.719928,input,track,joystick_y,0
19688.930444,15.753194,input,track,joystick_y,0
19688.963894,15.786612,input,track,joystick_y,0
19688.997229,15.819953,input,track,joystick_y,0
19689.030506,15.853248,input,track,joystick_y,0
19689.063908,15.886683,input,track,joystick_y,0
19689.097347,15.920025,input,track,joystick_y,0
19689.129969,15.952732,input,track,joystick_y,0
19689.163423,15.986184,input,track,joystick_y,0
19689.1967,16.019441,input,track,joystick_y,0
19689.230224,16.052972,input,track,joystick_y,0
19689.261497,16.084209,input,track,joystick_y,0
19689.296833,16.119582,input,track,joystick_y,0
19689.329956,16.152651,input,track,joystick_y,0
19689.363237,16.185988,input,track,joystick_y,0
19689.396497,16.21925,input,track,joystick_y,0
19689.429809,16.252589,input,track,joystick_y,0
19689.464756,16.286056,input,track,joystick_y,0
19689.496676,16.319372,input,track,joystick_y,0
19689.530642,16.353203,input,track,joystick_y,0
19689.560912,16.383522,input,track,joystick_y,0
19689.593318,16.416115,input,track,joystick_y,0
19689.630402,16.45313,input,track,joystick_y,0
19689.66323,16.485996,input,track,joystick_y,0
19689.695756,16.518554,input,track,joystick_y,0
19689.728785,16.551565,input,track,joystick_y,0
19689.749198,16.571962,input,track,joystick_y,0
19689.779286,16.601999,input,track,joystick_y,0
19689.810055,16.632861,input,track,joystick_y,0
19689.846052,16.668817,input,track,joystick_y,0
19689.879722,16.7025,input,track,joystick_y,0
19689.91288,16.735582,input,track,joystick_y,0
19689.946199,16.768937,input,track,joystick_y,0
19689.97975,16.802513,input,track,joystick_y,0
19690.012918,16.83569,input,track,joystick_y,0
19690.046445,16.869192,input,track,joystick_y,0
19690.079723,16.902479,input,track,joystick_y,0
19690.112752,16.935531,input,track,joystick_y,0
19690.146235,16.968971,input,track,joystick_y,0
19690.179665,17.002406,input,track,joystick_y,0
19690.212987,17.035773,input,track,joystick_y,0
19690.246035,17.06881,input,track,joystick_y,0
19690.277516,17.100306,input,track,joystick_y,0
19690.312816,17.135451,input,track,joystick_y,0
19690.346079,17.168851,input,track,joystick_y,0
19690.379593,17.202342,input,track,joystick_y,0
19690.41234,17.235113,input,track,joystick_y,0
19690.445922,17.26864,input,track,joystick_y,0
19690.479128,17.301857,input,track,joystick_y,0
19690.512638,17.335405,input,track,joystick_y,0
19690.543913,17.366552,input,track,joystick_y,0
19690.575901,17.398716,input,track,joystick_y,0
19690.596736,17.419468,input,track,joystick_y,0
19690.629122,17.451902,input,track,joystick_y,0
19690.66251,17.485263,input,track,joystick_y,0
19690.69544,17.518118,input,track,joystick_y,0
19690.729005,17.551773,input,track,joystick_y,0
19690.762523,17.585246,input,track,joystick_y,0
19690.795152,17.617913,input,track,joystick_y,0
19690.828592,17.651383,input,track,joystick_y,0
19690.862292,17.685042,input,track,joystick_y,0
19690.895644,17.718395,input,track,joystick_y,0
19690.928757,17.751524,input,track,joystick_y,0
19690.961768,17.784486,input,track,joystick_y,0
19690.995789,17.818504,input,track,joystick_y,0
19691.026829,17.849577,input,track,joystick_y,0
19691.059043,17.881831,input,track,joystick_y,0
19691.092483,17.915255,input,track,joystick_y,0
19691.126064,17.948787,input,track,joystick_y,0
19691.159082,17.98182,input,track,joystick_y,0
19691.192543,18.015218,input,track,joystick_y,0
19691.226597,18.049381,input,track,joystick_y,0
19691.261131,18.083957,input,track,joystick_y,0
19691.294622,18.117359,input,track,joystick_y,0
19691.327983,18.150753,input,track,joystick_y,0
19691.36151,18.18425,input,track,joystick_y,0
19691.394742,18.217477,input,track,joystick_y,0
19691.427877,18.250578,input,track,joystick_y,0
19691.461425,18.284152,input,track,joystick_y,0
19691.493956,18.316738,input,track,joystick_y,0
19691.528277,18.351033,input,track,joystick_y,0
19691.56054,18.383328,input,track,joystick_y,0
19691.595015,18.417755,input,track,joystick_y,0
19691.62799,18.450725,input,track,joystick_y,0
19691.661536,18.484257,input,track,joystick_y,0
19691.694612,18.51728,input,track,joystick_y,0
19691.728049,18.550762,input,track,joystick_y,0
19691.761144,18.583894,input,track,joystick_y,0
19691.794386,18.61713,input,track,joystick_y,0
19691.82785,18.650555,input,track,joystick_y,0
19691.861027,18.68378,input,track,joystick_y,0
19691.894173,18.716927,input,track,joystick_y,0
19691.927709,18.750474,input,track,joystick_y,0
19691.961123,18.783854,input,track,joystick_y,0
19691.994301,18.817037,input,track,joystick_y,0
19692.027507,18.850257,input,track,joystick_y,0
19692.060853,18.883613,input,track,joystick_y,0
19692.094066,18.916808,input,track,joystick_y,0
19692.127752,18.950497,input,track,joystick_y,0
19692.160679,18.983438,input,track,joystick_y,0
19692.193524,19.016291,input,track,joystick_y,0
19692.227555,19.050284,input,track,joystick_y,0
19692.262524,19.085385,input,track,joystick_y,0
19692.293225,19.115995,input,track,joystick_y,0
19692.327386,19.150132,input,track,joystick_y,0
19692.360441,19.183225,input,track,joystick_y,0
19692.394288,19.217014,input,track,joystick_y,0
19692.42687,19.249629,input,track,joystick_y,0
19692.460517,19.283296,input,track,joystick_y,0
19692.49392,19.316678,input,track,joystick_y,0
19692.527194,19.349924,input,track,joystick_y,0
19692.560619,19.383378,input,track,joystick_y,0
19692.593698,19.416433,input,track,joystick_y,0
19692.627214,19.449961,input,track,joystick_y,0
19692.660365,19.483043,input,track,joystick_y,0
19692.693433,19.516135,input,track,joystick_y,0
19692.726506,19.549276,input,track,joystick_y,0
19692.760143,19.582915,input,track,joystick_y,0
19692.794172,19.616899,input,track,joystick_y,0
19692.827044,19.649795,input,track,joystick_y,0
19692.860008,19.682777,input,track,joystick_y,0
19692.893439,19.716206,input,track,joystick_y,0
19692.926499,19.749254,input,track,joystick_y,0
19692.959875,19.78261,input,track,joystick_y,0
19692.993174,19.81596,input,track,joystick_y,0
19693.026378,19.849128,input,track,joystick_y,0
19693.060118,19.882808,input,track,joystick_y,0
19693.093213,19.915939,input,track,joystick_y,0
19693.126528,19.949282,input,track,joystick_y,0
19693.159511,19.982258,input,track,joystick_y,0
19693.193396,20.016133,input,track,joystick_y,0
19713.241064,40.063802,input,track,joystick_y,0
19713.274631,40.097397,input,track,joystick_y,0
19713.307746,40.130524,input,track,joystick_y,0
19713.340494,40.163269,input,track,joystick_y,0
19713.374599,40.197241,input,track,joystick_y,0
19713.407797,40.230555,input,track,joystick_y,0
19713.440785,40.26354,input,track,joystick_y,0
19713.474177,40.296902,input,track,joystick_y,0
19713.507563,40.330315,input,track,joystick_y,0
19713.540688,40.363472,input,track,joystick_y,0
19713.574599,40.397387,input,track,joystick_y,0
19713.609279,40.43049,input,track,joystick_y,0
19713.640378,40.463151,input,track,joystick_y,0
19713.673996,40.496737,input,track,joystick_y,0
19713.707239,40.530005,input,track,joystick_y,0
19713.740549,40.563292,input,track,joystick_y,0
19713.774019,40.596757,input,track,joystick_y,0
19713.807274,40.630045,input,track,joystick_y,0
19713.840694,40.66343,input,track,joystick_y,0
19713.873191,40.695912,input,track,joystick_y,0
19713.907675,40.730355,input,track,joystick_y,0
19713.940651,40.763404,input,track,joystick_y,0
19713.973682,40.796419,input,track,joystick_y,0
19714.006893,40.829661,input,track,joystick_y,0
19714.040517,40.863222,input,track,joystick_y,0
19714.073483,40.896242,input,track,joystick_y,0
19714.107178,40.92982,input,track,joystick_y,0
19714.140077,40.962824,input,track,joystick_y,0
19714.172525,40.995293,input,track,joystick_y,0
19714.206004,41.028789,input,track,joystick_y,0
19714.239726,41.062454,input,track,joystick_y,0
19714.275138,41.097919,input,track,joystick_y,0
19714.30564,41.128384,input,track,joystick_y,0
19714.339554,41.162304,input,track,joystick_y,0
19714.372177,41.194912,input,track,joystick_y,0
19714.405857,41.228629,input,track,joystick_y,0
19714.439326,41.262042,input,track,joystick_y,0
19714.472876,41.295623,input,track,joystick_y,0
19714.506073,41.328803,input,track,joystick_y,0
19714.539509,41.362229,input,track,joystick_y,0
19714.5726,41.395361,input,track,joystick_y,0
19714.60591,41.428684,input,track,joystick_y,0
19714.639329,41.462066,input,track,joystick_y,0
19714.672879,41.495617,input,track,joystick_y,0
19714.705906,41.528668,input,track,joystick_y,0
19714.739366,41.562081,input,track,joystick_y,0
19714.772896,41.59565,input,track,joystick_y,0
19714.805403,41.628175,input,track,joystick_y,0
19714.838806,41.661567,input,track,joystick_y,0
19714.872738,41.695425,input,track,joystick_y,0
19714.905784,41.728516,input,track,joystick_y,0
19714.938735,41.761486,input,track,joystick_y,0
19714.972075,41.794815,input,track,joystick_y,0
19715.005704,41.828424,input,track,joystick_y,0
19715.03893,41.861678,input,track,joystick_y,0
19715.07219,41.894943,input,track,joystick_y,0
19715.105557,41.928308,input,track,joystick_y,0
19715.138621,41.96137,input,track,joystick_y,0
19715.172399,41.995129,input,track,joystick_y,0
19715.205178,42.02789,input,track,joystick_y,0
19715.236717,42.059516,input,track,joystick_y,0
19715.272763,42.095536,input,track,joystick_y,0
19715.30543,42.128138,input,track,joystick_y,0
19715.338794,42.161547,input,track,joystick_y,0
19715.371992,42.194727,input,track,joystick_y,0
19715.405773,42.228496,input,track,joystick_y,0
19715.438415,42.261022,input,track,joystick_y,0
19715.469405,42.292184,input,track,joystick_y,0
19715.503189,42.325918,input,track,joystick_y,0
19715.536281,42.359044,input,track,joystick_y,0
19715.570439,42.393212,input,track,joystick_y,0
19715.602735,42.425472,input,track,joystick_y,0
19715.636796,42.459608,input,track,joystick_y,0
19715.671959,42.494708,input,track,joystick_y,0
19715.705351,42.528073,input,track,joystick_y,0
19715.739029,42.561788,input,track,joystick_y,0
19715.77179,42.594549,input,track,joystick_y,0
19715.805055,42.627768,input,track,joystick_y,0
19715.838932,42.661656,input,track,joystick_y,0
19715.872502,42.695175,input,track,joystick_y,0
19715.905288,42.72795,input,track,joystick_y,0
19715.938637,42.761405,input,track,joystick_y,0
19715.972229,42.794969,input,track,joystick_y,0
19716.005455,42.828203,input,track,joystick_y,0
19716.038355,42.861129,input,track,joystick_y,0
19716.072095,42.894745,input,track,joystick_y,0
19716.105521,42.92821,input,track,joystick_y,0
19716.138409,42.96114,input,track,joystick_y,0
19716.171393,42.994126,input,track,joystick_y,0
19716.20473,43.027455,input,track,joystick_y,0
19716.238093,43.060854,input,track,joystick_y,0
19716.271704,43.094412,input,track,joystick_y,0
19716.304297,43.126999,input,track,joystick_y,0
19716.337562,43.160317,input,track,joystick_y,0
19716.371203,43.193906,input,track,joystick_y,0
19716.404247,43.226936,input,track,joystick_y,0
19716.437074,43.259848,input,track,joystick_y,0
19716.471193,43.293956,input,track,joystick_y,0
19716.504626,43.327345,input,track,joystick_y,0
19716.537672,43.360415,input,track,joystick_y,0
19716.570787,43.393509,input,track,joystick_y,0
19716.603997,43.426734,input,track,joystick_y,0
19716.637314,43.460067,input,track,joystick_y,0
19716.670755,43.493495,input,track,joystick_y,0
19716.704008,43.526769,input,track,joystick_y,0
19716.737626,43.560383,input,track,joystick_y,0
19716.770812,43.593546,input,track,joystick_y,0
19716.803679,43.626436,input,track,joystick_y,0
19716.837571,43.660439,input,track,joystick_y,0
19716.870997,43.693716,input,track,joystick_y,0
19716.904641,43.727391,input,track,joystick_y,0
19716.937875,43.760629,input,track,joystick_y,0
19716.97084,43.793605,input,track,joystick_y,0
19717.004623,43.827402,input,track,joystick_y,0
19717.037618,43.860373,input,track,joystick_y,0
19717.070876,43.893633,input,track,joystick_y,0
19717.104171,43.92695,input,track,joystick_y,0
19717.137164,43.959883,input,track,joystick_y,0
19717.171037,43.99381,input,track,joystick_y,0
19717.204194,44.026962,input,track,joystick_y,0
19717.237549,44.060315,input,track,joystick_y,0
19717.270815,44.093524,input,track,joystick_y,0
19717.304203,44.126854,input,track,joystick_y,0
19717.337242,44.159973,input,track,joystick_y,0
19717.370859,44.193616,input,track,joystick_y,0
19717.403454,44.226209,input,track,joystick_y,0
19717.438292,44.261043,input,track,joystick_y,0
19717.470203,44.292955,input,track,joystick_y,0
19717.504017,44.32676,input,track,joystick_y,0
19717.536617,44.359378,input,track,joystick_y,0
19717.570088,44.392852,input,track,joystick_y,0
19717.603784,44.426547,input,track,joystick_y,0
19717.636443,44.459212,input,track,joystick_y,0
19717.669682,44.492439,input,track,joystick_y,0
19717.703951,44.526761,input,track,joystick_y,0
19717.736549,44.559293,input,track,joystick_y,0
19717.770255,44.592991,input,track,joystick_y,0
19717.803022,44.625825,input,track,joystick_y,0
19717.834959,44.657724,input,track,joystick_y,0
19717.867232,44.690023,input,track,joystick_y,0
19717.901063,44.723791,input,track,joystick_y,0
19717.933505,44.756338,input,track,joystick_y,0
19717.970747,44.793522,input,track,joystick_y,0
19718.00327,44.826014,input,track,joystick_y,0
19718.036494,44.859268,input,track,joystick_y,0
19718.069875,44.892633,input,track,joystick_y,0
19718.103105,44.925861,input,track,joystick_y,0
19718.136148,44.95891,input,track,joystick_y,0
19718.169623,44.992399,input,track,joystick_y,0
19718.202473,45.025236,input,track,joystick_y,0
19718.236289,45.058983,input,track,joystick_y,0
19718.271474,45.094277,input,track,joystick_y,0
19718.302826,45.125557,input,track,joystick_y,0
19718.336256,45.15902,input,track,joystick_y,0
19718.370103,45.192864,input,track,joystick_y,0
19718.4031,45.225857,input,track,joystick_y,0
19718.436889,45.259624,input,track,joystick_y,0
19718.46938,45.292138,input,track,joystick_y,0
19718.502478,45.325243,input,track,joystick_y,0
19718.536641,45.359326,input,track,joystick_y,0
19718.568488,45.391247,input,track,joystick_y,0
19718.601834,45.424575,input,track,joystick_y,0
19718.635555,45.458294,input,track,joystick_y,0
19718.669045,45.49181,input,track,joystick_y,0
19718.702421,45.525148,input,track,joystick_y,0
19718.735364,45.558175,input,track,joystick_y,0
19718.768608,45.591345,input,track,joystick_y,0
19718.802235,45.624943,input,track,joystick_y,0
19718.833395,45.656157,input,track,joystick_y,0
19718.866335,45.689098,input,track,joystick_y,0
19718.899189,45.721964,input,track,joystick_y,0
19718.920315,45.743009,input,track,joystick_y,0
19718.952352,45.774984,input,track,joystick_y,0
19718.985896,45.80863,input,track,joystick_y,0
19719.018972,45.841715,input,track,joystick_y,0
19719.052606,45.875375,input,track,joystick_y,0
19719.085678,45.908414,input,track,joystick_y,0
19719.118961,45.941715,input,track,joystick_y,0
19719.152533,45.975316,input,track,joystick_y,0
19719.185439,46.008221,input,track,joystick_y,0
19719.2193,46.04202,input,track,joystick_y,0
19719.251904,46.074634,input,track,joystick_y,0
19719.285093,46.107855,input,track,joystick_y,0
19719.318566,46.141276,input,track,joystick_y,0
19719.35214,46.174982,input,track,joystick_y,0
19719.384853,46.207563,input,track,joystick_y,0
19719.419104,46.2418,input,track,joystick_y,0
19719.45199,46.274728,input,track,joystick_y,0
19719.485341,46.3081,input,track,joystick_y,0
19719.519271,46.34202,input,track,joystick_y,0
19719.552404,46.375127,input,track,joystick_y,0
19719.585085,46.407819,input,track,joystick_y,0
19719.618488,46.441244,input,track,joystick_y,0
19719.651404,46.474169,input,track,joystick_y,0
19719.685324,46.508047,input,track,joystick_y,0
19719.718362,46.541089,input,track,joystick_y,0
19719.751576,46.574335,input,track,joystick_y,0
19719.785007,46.607718,input,track,joystick_y,0
19719.817578,46.64037,input,track,joystick_y,0
19719.851451,46.674141,input,track,joystick_y,0
19719.884984,46.707753,input,track,joystick_y,0
19719.918733,46.741442,input,track,joystick_y,0
19719.950937,46.773714,input,track,joystick_y,0
19719.984786,46.807522,input,track,joystick_y,0
19720.017752,46.840504,input,track,joystick_y,0
19720.051505,46.874231,input,track,joystick_y,0
19720.085175,46.907935,input,track,joystick_y,0
19720.118114,46.940861,input,track,joystick_y,0
19720.150818,46.973565,input,track,joystick_y,0
19720.185139,47.007837,input,track,joystick_y,0
19720.218192,47.040914,input,track,joystick_y,0
19720.250695,47.073465,input,track,joystick_y,0
19720.284203,47.106998,input,track,joystick_y,0
19720.317376,47.140127,input,track,joystick_y,0
19720.350716,47.173409,input,track,joystick_y,0
19720.384568,47.207357,input,track,joystick_y,0
19720.417498,47.240242,input,track,joystick_y,0
19720.450661,47.273495,input,track,joystick_y,0
19720.484384,47.307145,input,track,joystick_y,0
19720.5179,47.340608,input,track,joystick_y,0
19720.550746,47.373485,input,track,joystick_y,0
19720.584625,47.407272,input,track,joystick_y,0
19720.617132,47.439881,input,track,joystick_y,0
19720.650013,47.472684,input,track,joystick_y,0
19720.683743,47.506503,input,track,joystick_y,0
19720.71741,47.540137,input,track,joystick_y,0
19720.750263,47.572989,input,track,joystick_y,0
19720.783627,47.606384,input,track,joystick_y,0
19720.816828,47.639564,input,track,joystick_y,0
19720.849879,47.672647,input,track,joystick_y,0
19720.88366,47.706367,input,track,joystick_y,0
19720.916574,47.739303,input,track,joystick_y,0
19720.949508,47.772285,input,track,joystick_y,0
19720.983778,47.806502,input,track,joystick_y,0
19721.01703,47.839751,input,track,joystick_y,0
19721.049848,47.872603,input,track,joystick_y,0
19721.083554,47.906252,input,track,joystick_y,0
19721.116979,47.939725,input,track,joystick_y,0
19721.147378,47.970177,input,track,joystick_y,0
19721.181837,48.004433,input,track,joystick_y,0
19721.214898,48.037525,input,track,joystick_y,0
19721.237749,48.059906,input,track,joystick_y,0
19721.272123,48.094786,input,track,joystick_y,0
19721.302399,48.124844,input,track,joystick_y,0
19721.338681,48.161184,input,track,joystick_y,0
19721.363805,48.186608,input,track,joystick_y,0
19721.399262,48.221925,input,track,joystick_y,0
19721.432653,48.255427,input,track,joystick_y,0
19721.466473,48.289228,input,track,joystick_y,0
19721.500144,48.322881,input,track,joystick_y,0
19721.533155,48.355884,input,track,joystick_y,0
19721.566538,48.389227,input,track,joystick_y,0
19721.599679,48.422441,input,track,joystick_y,0
19721.632957,48.455708,input,track,joystick_y,0
19721.665383,48.488126,input,track,joystick_y,0
19721.700126,48.522885,input,track,joystick_y,0
19721.732732,48.555485,input,track,joystick_y,0
19721.766185,48.588965,input,track,joystick_y,0
19721.799901,48.622667,input,track,joystick_y,0
19721.833188,48.655907,input,track,joystick_y,0
19721.866068,48.688823,input,track,joystick_y,0
19721.899595,48.722355,input,track,joystick_y,0
19721.93305,48.755708,input,track,joystick_y,0
19721.968374,48.790943,input,track,joystick_y,0
19722.000064,48.82276,input,track,joystick_y,0
19722.030435,48.853226,input,track,joystick_y,0
19722.065449,48.888213,input,track,joystick_y,0
19722.099379,48.922074,input,track,joystick_y,0
19722.132835,48.955616,input,track,joystick_y,0
19722.165732,48.988524,input,track,joystick_y,0
19722.198416,49.021189,input,track,joystick_y,0
19722.232979,49.055681,input,track,joystick_y,0
19722.266206,49.089,input,track,joystick_y,0
19722.299816,49.122598,input,track,joystick_y,0
19722.332601,49.155385,input,track,joystick_y,0
19722.365704,49.188492,input,track,joystick_y,0
19722.399936,49.222783,input,track,joystick_y,0
19722.433209,49.255909,input,track,joystick_y,0
19722.465879,49.288627,input,track,joystick_y,0
19722.499732,49.322467,input,track,joystick_y,0
19722.532483,49.35521,input,track,joystick_y,0
19722.566042,49.388812,input,track,joystick_y,0
19722.598868,49.421621,input,track,joystick_y,0
19722.632755,49.455443,input,track,joystick_y,0
19722.665951,49.488714,input,track,joystick_y,0
19722.699142,49.521921,input,track,joystick_y,0
19722.732561,49.555312,input,track,joystick_y,0
19722.765498,49.588277,input,track,joystick_y,0
19722.799537,49.622291,input,track,joystick_y,0
19722.832105,49.654806,input,track,joystick_y,0
19722.865461,49.68817,input,track,joystick_y,0
19722.89982,49.722395,input,track,joystick_y,0
19722.932049,49.754759,input,track,joystick_y,0
19722.965533,49.788307,input,track,joystick_y,0
19722.998484,49.821271,input,track,joystick_y,0
19723.031756,49.854496,input,track,joystick_y,0
19723.065021,49.88782,input,track,joystick_y,0
19723.09898,49.921688,input,track,joystick_y,0
19723.131522,49.954243,input,track,joystick_y,0
19723.16587,49.988667,input,track,joystick_y,0
19723.198203,50.020929,input,track,joystick_y,0
19723.230427,50.053247,input,track,joystick_y,0
19723.265259,50.088039,input,track,joystick_y,0
19723.299055,50.121753,input,track,joystick_y,0
19723.331408,50.154112,input,track,joystick_y,0
19723.365609,50.188402,input,track,joystick_y,0
19723.398298,50.221049,input,track,joystick_y,0
19723.431082,50.253833,input,track,joystick_y,0
19723.465466,50.28816,input,track,joystick_y,0
19723.499742,50.322511,input,track,joystick_y,0
19723.531359,50.354058,input,track,joystick_y,0
19723.56517,50.387904,input,track,joystick_y,0
19723.598203,50.420938,input,track,joystick_y,0
19723.631257,50.454004,input,track,joystick_y,0
19723.666441,50.487866,input,track,joystick_y,0
19723.697311,50.520071,input,track,joystick_y,0
19723.731478,50.554233,input,track,joystick_y,0
19723.764906,50.587619,input,track,joystick_y,0
19723.797798,50.620559,input,track,joystick_y,0
19723.83089,50.65367,input,track,joystick_y,0
19723.864358,50.687125,input,track,joystick_y,0
19723.897479,50.720217,input,track,joystick_y,0
19723.93077,50.753528,input,track,joystick_y,0
19723.964009,50.786754,input,track,joystick_y,0
19723.997521,50.820275,input,track,joystick_y,0
19724.030762,50.853489,input,track,joystick_y,0
19724.064149,50.886902,input,track,joystick_y,0
19724.097349,50.92012,input,track,joystick_y,0
19724.130662,50.953374,input,track,joystick_y,0
19724.164143,50.986889,input,track,joystick_y,0
19724.197056,51.019839,input,track,joystick_y,0
19724.230324,51.053075,input,track,joystick_y,0
19724.263839,51.086625,input,track,joystick_y,0
19724.296577,51.119345,input,track,joystick_y,0
19724.330521,51.153287,input,track,joystick_y,0
19724.363794,51.186569,input,track,joystick_y,0
19724.397092,51.21983,input,track,joystick_y,0
19724.430375,51.253071,input,track,joystick_y,0
19724.463423,51.286158,input,track,joystick_y,0
19724.496797,51.319566,input,track,joystick_y,0
19724.53016,51.352947,input,track,joystick_y,0
19724.563545,51.386313,input,track,joystick_y,0
19724.596958,51.419728,input,track,joystick_y,0
19724.630017,51.452813,input,track,joystick_y,0
19724.663393,51.486167,input,track,joystick_y,0
19724.696711,51.519478,input,track,joystick_y,0
19724.730279,51.553014,input,track,joystick_y,0
19724.763613,51.586355,input,track,joystick_y,0
19724.796574,51.619334,input,track,joystick_y,0
19724.830528,51.653258,input,track,joystick_y,0
19724.863094,51.685834,input,track,joystick_y,0
19724.896415,51.719117,input,track,joystick_y,0
19724.930427,51.753188,input,track,joystick_y,0
19724.963627,51.786372,input,track,joystick_y,0
19724.996534,51.819273,input,track,joystick_y,0
19725.030111,51.852906,input,track,joystick_y,0
19725.063405,51.886063,input,track,joystick_y,0
19725.096176,51.918926,input,track,joystick_y,0
19725.129643,51.952393,input,track,joystick_y,0
19725.162526,51.98529,input,track,joystick_y,0
19725.195828,52.018593,input,track,joystick_y,0
19725.229467,52.052231,input,track,joystick_y,0
19725.262866,52.085605,input,track,joystick_y,0
19725.296744,52.119439,input,track,joystick_y,0
19725.329776,52.152491,input,track,joystick_y,0
19725.362535,52.185323,input,track,joystick_y,0
19725.396098,52.218831,input,track,joystick_y,0
19725.429549,52.252321,input,track,joystick_y,0
19725.462796,52.28557,input,track,joystick_y,0
19725.496437,52.319211,input,track,joystick_y,0
19725.529665,52.352418,input,track,joystick_y,0
19725.563042,52.385762,input,track,joystick_y,0
19725.595887,52.418648,input,track,joystick_y,0
19725.629655,52.452439,input,track,joystick_y,0
19725.662964,52.485697,input,track,joystick_y,0
19725.6948,52.517569,input,track,joystick_y,0
19725.729578,52.552289,input,track,joystick_y,0
19725.763151,52.585884,input,track,joystick_y,0
19725.796583,52.619174,input,track,joystick_y,0
19725.829695,52.652453,input,track,joystick_y,0
19725.862927,52.685666,input,track,joystick_y,0
19725.896029,52.718787,input,track,joystick_y,0
19725.929392,52.752148,input,track,joystick_y,0
19725.962914,52.785694,input,track,joystick_y,0
19725.995721,52.81847,input,track,joystick_y,0
19726.028706,52.851471,input,track,joystick_y,0
19726.062303,52.885077,input,track,joystick_y,0
19726.096019,52.918645,input,track,joystick_y,0
19726.128829,52.951592,input,track,joystick_y,0
19726.162371,52.985148,input,track,joystick_y,0
19726.194981,53.017678,input,track,joystick_y,0
19726.229497,53.052262,input,track,joystick_y,0
19726.261885,53.084638,input,track,joystick_y,0
19726.295246,53.117981,input,track,joystick_y,0
19726.329164,53.151906,input,track,joystick_y,0
19726.362228,53.184971,input,track,joystick_y,0
19726.395914,53.218647,input,track,joystick_y,0
19726.428648,53.251399,input,track,joystick_y,0
19726.462371,53.28509,input,track,joystick_y,0
19726.496355,53.319091,input,track,joystick_y,0
19726.529257,53.352019,input,track,joystick_y,0
19726.561866,53.384616,input,track,joystick_y,0
19726.596003,53.418745,input,track,joystick_y,0
19726.628703,53.451475,input,track,joystick_y,0
19726.661909,53.48466,input,track,joystick_y,0
19726.695223,53.518008,input,track,joystick_y,0
19726.728881,53.551629,input,track,joystick_y,0
19726.762192,53.584967,input,track,joystick_y,0
19726.79518,53.617925,input,track,joystick_y,0
19726.828503,53.651167,input,track,joystick_y,0
19726.861917,53.684676,input,track,joystick_y,0
19726.895426,53.718179,input,track,joystick_y,0
19726.928173,53.750876,input,track,joystick_y,0
19726.961434,53.784077,input,track,joystick_y,0
19726.994905,53.81768,input,track,joystick_y,0
19727.028065,53.850724,input,track,joystick_y,0
19727.061624,53.884377,input,track,joystick_y,0
19727.094748,53.917453,input,track,joystick_y,0
19727.127981,53.950698,input,track,joystick_y,0
19727.161214,53.983965,input,track,joystick_y,0
19727.194318,54.017074,input,track,joystick_y,0
19727.227537,54.050284,input,track,joystick_y,0
19727.261685,54.084407,input,track,joystick_y,0
19727.294377,54.117084,input,track,joystick_y,0
19727.327587,54.150346,input,track,joystick_y,0
19727.360221,54.183064,input,track,joystick_y,0
19727.39469,54.217428,input,track,joystick_y,0
19727.426545,54.249323,input,track,joystick_y,0
19727.461141,54.283847,input,track,joystick_y,0
19727.494087,54.316817,input,track,joystick_y,0
19727.527591,54.350311,input,track,joystick_y,0
19727.561202,54.38384,input,track,joystick_y,0
19727.594187,54.416927,input,track,joystick_y,0
19727.627429,54.450129,input,track,joystick_y,0
19727.661254,54.483945,input,track,joystick_y,0
19727.693028,54.514477,input,track,joystick_y,0
19727.725331,54.547973,input,track,joystick_y,0
19727.758254,54.580786,input,track,joystick_y,0
19727.792548,54.615162,input,track,joystick_y,0
19727.824883,54.647614,input,track,joystick_y,0
19727.85834,54.68121,input,track,joystick_y,0
19727.892414,54.715139,input,track,joystick_y,0
19727.927313,54.750039,input,track,joystick_y,0
19727.96078,54.783494,input,track,joystick_y,0
19727.994126,54.816876,input,track,joystick_y,0
19728.026995,54.849732,input,track,joystick_y,0
19728.06054,54.883283,input,track,joystick_y,0
19728.0939,54.916579,input,track,joystick_y,0
19728.12741,54.950135,input,track,joystick_y,0
19728.160943,54.983702,input,track,joystick_y,0
19728.193656,55.016377,input,track,joystick_y,0
19728.226635,55.049389,input,track,joystick_y,0
19728.260647,55.083366,input,track,joystick_y,0
19728.293246,55.116001,input,track,joystick_y,0
19728.326875,55.149618,input,track,joystick_y,0
19728.360394,55.183127,input,track,joystick_y,0
19728.39347,55.216193,input,track,joystick_y,0
19728.4265,55.249235,input,track,joystick_y,0
19728.460318,55.28306,input,track,joystick_y,0
19728.493222,55.315931,input,track,joystick_y,0
19728.526858,55.34955,input,track,joystick_y,0
19728.558885,55.381478,input,track,joystick_y,0
19728.593692,55.416384,input,track,joystick_y,0
19728.626452,55.449186,input,track,joystick_y,0
19728.660022,55.482788,input,track,joystick_y,0
19728.693126,55.51588,input,track,joystick_y,0
19728.72639,55.549175,input,track,joystick_y,0
19728.76027,55.582995,input,track,joystick_y,0
19728.793303,55.615952,input,track,joystick_y,0
19728.82668,55.649445,input,track,joystick_y,0
19728.860148,55.682908,input,track,joystick_y,0
19728.89274,55.715505,input,track,joystick_y,0
19728.926476,55.749206,input,track,joystick_y,0
19728.959654,55.78243,input,track,joystick_y,0
19728.992905,55.815661,input,track,joystick_y,0
19729.025661,55.84846,input,track,joystick_y,0
19729.059817,55.88248,input,track,joystick_y,0
19729.09321,55.915938,input,track,joystick_y,0
19729.125758,55.948534,input,track,joystick_y,0
19729.159131,55.98187,input,track,joystick_y,0
19729.192409,56.015164,input,track,joystick_y,0
19729.22597,56.04873,input,track,joystick_y,0
19729.259228,56.081971,input,track,joystick_y,0
19729.292253,56.115014,input,track,joystick_y,0
19729.326209,56.148934,input,track,joystick_y,0
19729.359175,56.18191,input,track,joystick_y,0
19729.392744,56.215471,input,track,joystick_y,0
19729.42547,56.2482,input,track,joystick_y,0
19729.457739,56.280503,input,track,joystick_y,0
19729.492611,56.315352,input,track,joystick_y,0
19729.525622,56.34833,input,track,joystick_y,0
19729.559199,56.38193,input,track,joystick_y,0
19729.592685,56.415389,input,track,joystick_y,0
19729.625932,56.448689,input,track,joystick_y,0
19729.658729,56.481492,input,track,joystick_y,0
19729.691468,56.514162,input,track,joystick_y,0
19729.724366,56.547124,input,track,joystick_y,0
19729.758929,56.581629,input,track,joystick_y,0
19729.792156,56.614925,input,track,joystick_y,0
19729.825134,56.647891,input,track,joystick_y,0
19729.858364,56.681096,input,track,joystick_y,0
19729.891912,56.714667,input,track,joystick_y,0
19729.925512,56.748261,input,track,joystick_y,0
19729.958609,56.781386,input,track,joystick_y,0
19729.991524,56.814272,input,track,joystick_y,0
19730.025547,56.848299,input,track,joystick_y,0
19730.058843,56.881592,input,track,joystick_y,0
19730.091584,56.91432,input,track,joystick_y,0
19730.125429,56.948175,input,track,joystick_y,0
19730.158959,56.981715,input,track,joystick_y,0
19730.190989,57.013789,input,track,joystick_y,0
19730.225289,57.048061,input,track,joystick_y,0
19730.258513,57.081201,input,track,joystick_y,0
19730.290795,57.113593,input,track,joystick_y,0
19730.325178,57.147937,input,track,joystick_y,0
19730.358134,57.180873,input,track,joystick_y,0
19730.391161,57.213927,input,track,joystick_y,0
19730.425009,57.247714,input,track,joystick_y,0
19730.457495,57.280257,input,track,joystick_y,0
19730.491192,57.313938,input,track,joystick_y,0
19730.524655,57.347408,input,track,joystick_y,0
19730.558307,57.380923,input,track,joystick_y,0
19730.591156,57.413855,input,track,joystick_y,0
19730.624122,57.446918,input,track,joystick_y,0
19730.657874,57.480659,input,track,joystick_y,0
19730.690855,57.5136,input,track,joystick_y,0
19730.724728,57.547426,input,track,joystick_y,0
19730.758078,57.580765,input,track,joystick_y,0
19730.79099,57.613719,input,track,joystick_y,0
19730.824408,57.647149,input,track,joystick_y,0
19730.857712,57.680476,input,track,joystick_y,0
19730.890909,57.713652,input,track,joystick_y,0
19730.924262,57.746993,input,track,joystick_y,0
19730.957777,57.780523,input,track,joystick_y,0
19730.990357,57.813175,input,track,joystick_y,0
19731.023801,57.846581,input,track,joystick_y,0
19731.057472,57.880178,input,track,joystick_y,0
19731.091047,57.913775,input,track,joystick_y,0
19731.124233,57.946976,input,track,joystick_y,0
19731.157469,57.980202,input,track,joystick_y,0
19731.190677,58.013439,input,track,joystick_y,0
19731.22404,58.046774,input,track,joystick_y,0
19731.257126,58.07989,input,track,joystick_y,0
19731.290473,58.113148,input,track,joystick_y,0
19731.323845,58.146602,input,track,joystick_y,0
19731.357359,58.180095,input,track,joystick_y,0
19731.390473,58.213204,input,track,joystick_y,0
19731.42407,58.246798,input,track,joystick_y,0
19731.456467,58.279239,input,track,joystick_y,0
19731.490643,58.313395,input,track,joystick_y,0
19731.523801,58.346517,input,track,joystick_y,0
19731.555162,58.37789,input,track,joystick_y,0
19731.590695,58.413448,input,track,joystick_y,0
19731.623614,58.446343,input,track,joystick_y,0
19731.656794,58.479561,input,track,joystick_y,0
19731.689933,58.512686,input,track,joystick_y,0
19731.724918,58.546249,input,track,joystick_y,0
19731.756783,58.579524,input,track,joystick_y,0
19731.790614,58.613336,input,track,joystick_y,0
19731.82363,58.646392,input,track,joystick_y,0
19731.856392,58.679119,input,track,joystick_y,0
19731.889802,58.712619,input,track,joystick_y,0
19731.923492,58.746195,input,track,joystick_y,0
19731.956231,58.77902,input,track,joystick_y,0
19731.990436,58.813212,input,track,joystick_y,0
19732.023202,58.845989,input,track,joystick_y,0
19732.05632,58.879111,input,track,joystick_y,0
19732.089935,58.912724,input,track,joystick_y,0
19732.123155,58.945948,input,track,joystick_y,0
19732.156371,58.979153,input,track,joystick_y,0
19732.189769,59.012526,input,track,joystick_y,0
19732.222887,59.045673,input,track,joystick_y,0
19732.256393,59.079182,input,track,joystick_y,0
19732.289568,59.11233,input,track,joystick_y,0
19732.322468,59.145275,input,track,joystick_y,0
19732.355948,59.178731,input,track,joystick_y,0
19732.38978,59.212549,input,track,joystick_y,0
19732.422694,59.245455,input,track,joystick_y,0
19732.456117,59.278881,input,track,joystick_y,0
19732.489414,59.312144,input,track,joystick_y,0
19732.522601,59.345377,input,track,joystick_y,0
19732.555838,59.378502,input,track,joystick_y,0
19732.589519,59.412287,input,track,joystick_y,0
19732.622907,59.445657,input,track,joystick_y,0
19732.656295,59.479076,input,track,joystick_y,0
19732.688737,59.511504,input,track,joystick_y,0
19732.722012,59.544785,input,track,joystick_y,0
19732.756394,59.579147,input,track,joystick_y,0
19732.789702,59.612454,input,track,joystick_y,0
19732.82259,59.645377,input,track,joystick_y,0
19732.855805,59.67855,input,track,joystick_y,0
19732.889474,59.712228,input,track,joystick_y,0
19732.922583,59.745347,input,track,joystick_y,0
19732.955786,59.778474,input,track,joystick_y,0
19732.989336,59.812094,input,track,joystick_y,0
19733.022218,59.844969,input,track,joystick_y,0
19733.055669,59.878439,input,track,joystick_y,0
19733.088882,59.911625,input,track,joystick_y,0
19733.122618,59.945385,input,track,joystick_y,0
19733.155926,59.978664,input,track,joystick_y,0
19733.188883,60.011611,input,track,joystick_y,0
