19671.814053,0.200904,input,track,joystick_x,0
19671.818104,0.210291,input,track,joystick_x,0
19671.851121,0.243298,input,track,joystick_x,0
19671.877795,0.269993,input,track,joystick_x,0
19671.903002,0.295164,input,track,joystick_x,0
19673.500125,0.322921,input,track,joystick_x,0
19673.525811,0.348682,input,track,joystick_x,0
19673.561671,0.384484,input,track,joystick_x,0
19673.643751,0.466644,input,track,joystick_x,0
19673.675297,0.498167,input,track,joystick_x,0
19673.709528,0.532384,input,track,joystick_x,0
19673.745835,0.56868,input,track,joystick_x,0
19673.777833,0.600664,input,track,joystick_x,0
19673.810537,0.633359,input,track,joystick_x,0
19673.844691,0.667457,input,track,joystick_x,0
19673.878185,0.701017,input,track,joystick_x,0
19673.910904,0.733742,input,track,joystick_x,0
19673.944829,0.767603,input,track,joystick_x,0
19673.977722,0.800529,input,track,joystick_x,0
19674.010934,0.833742,input,track,joystick_x,0
19674.044406,0.86723,input,track,joystick_x,0
19674.077671,0.900526,input,track,joystick_x,0
19674.110573,0.933415,input,track,joystick_x,0
19674.144868,0.967692,input,track,joystick_x,0
19674.177514,1.000342,input,track,joystick_x,0
19674.210857,1.033672,input,track,joystick_x,0
19674.244085,1.066915,input,track,joystick_x,0
19674.277691,1.100533,input,track,joystick_x,0
19674.310479,1.133282,input,track,joystick_x,0
19674.343835,1.166679,input,track,joystick_x,0
19674.377582,1.200371,input,track,joystick_x,0
19674.410457,1.233269,input,track,joystick_x,0
19674.443702,1.266543,input,track,joystick_x,0
19674.477057,1.299899,input,track,joystick_x,0
19674.509163,1.331906,input,track,joystick_x,0
19674.541685,1.364365,input,track,joystick_x,0
19674.574253,1.397143,input,track,joystick_x,0
19674.610707,1.433557,input,track,joystick_x,0
19674.643729,1.46657,input,track,joystick_x,0
19674.677759,1.500599,input,track,joystick_x,0
19674.710482,1.533301,input,track,joystick_x,0
19674.743505,1.566349,input,track,joystick_x,0
19674.77795,1.600768,input,track,joystick_x,0
19674.81039,1.633171,input,track,joystick_x,0
19674.843523,1.666358,input,track,joystick_x,0
19674.877285,1.700078,input,track,joystick_x,0
19674.910332,1.733137,input,track,joystick_x,0
19674.943089,1.765934,input,track,joystick_x,0
19674.977213,1.799846,input,track,joystick_x,0
19675.010176,1.832957,input,track,joystick_x,0
19675.04319,1.866035,input,track,joystick_x,0
19675.076686,1.899548,input,track,joystick_x,0
19675.110823,1.933587,input,track,joystick_x,0
19675.143147,1.965996,input,track,joystick_x,0
19675.176323,1.99918,input,track,joystick_x,0
19675.209415,2.032221,input,track,joystick_x,0
19675.243109,2.065977,input,track,joystick_x,0
19675.27603,2.098869,input,track,joystick_x,0
19675.309471,2.132309,input,track,joystick_x,0
19675.342741,2.165561,input,track,joystick_x,0
19675.376859,2.199487,input,track,joystick_x,0
19675.408157,2.23086,input,track,joystick_x,0
19675.442113,2.264956,input,track,joystick_x,0
19675.475383,2.298236,input,track,joystick_x,0
19675.509185,2.332058,input,track,joystick_x,0
19675.542439,2.365295,input,track,joystick_x,0
19675.57472,2.397565,input,track,joystick_x,0
19675.609421,2.432269,input,track,joystick_x,0
19675.642108,2.464945,input,track,joystick_x,0
19675.675446,2.498297,input,track,joystick_x,0
19675.708881,2.531745,input,track,joystick_x,0
19675.742223,2.565078,input,track,joystick_x,0
19675.774907,2.597718,input,track,joystick_x,0
19675.808189,2.631022,input,track,joystick_x,0
19675.842464,2.665289,input,track,joystick_x,0
19675.875268,2.698078,input,track,joystick_x,0
19675.909054,2.7319,input,track,joystick_x,0
19675.942164,2.765024,input,track,joystick_x,0
19675.975312,2.798135,input,track,joystick_x,0
19676.008726,2.831562,input,track,joystick_x,0
19676.042478,2.865289,input,track,joystick_x,0
19676.074939,2.89779,input,track,joystick_x,0
19676.108503,2.931339,input,track,joystick_x,0
19676.141899,2.964692,input,track,joystick_x,0
19676.175149,2.99799,input,track,joystick_x,0
19676.207929,3.030745,input,track,joystick_x,0
19676.241434,3.064241,input,track,joystick_x,0
19676.274618,3.097484,input,track,joystick_x,0
19676.308183,3.13099,input,track,joystick_x,0
19676.341464,3.1643,input,track,joystick_x,0
19676.375156,3.198021,input,track,joystick_x,0
19676.40792,3.230773,input,track,joystick_x,0
19676.441653,3.264473,input,track,joystick_x,0
19676.474994,3.297846,input,track,joystick_x,0
19676.50823,3.331035,input,track,joystick_x,0
19676.541989,3.364832,input,track,joystick_x,0
19676.574434,3.397293,input,track,joystick_x,0
19676.607864,3.430734,input,track,joystick_x,0
19676.641285,3.464208,input,track,joystick_x,0
19676.675854,3.498685,input,track,joystick_x,0
19676.708532,3.531382,input,track,joystick_x,0
19676.742113,3.564952,input,track,joystick_x,0
19676.77457,3.597421,input,track,joystick_x,0
19676.808589,3.631351,input,track,joystick_x,0
19676.842262,3.665116,input,track,joystick_x,0
19676.874943,3.697768,input,track,joystick_x,0
19676.90837,3.731188,input,track,joystick_x,0
19676.941998,3.764756,input,track,joystick_x,0
19676.974897,3.797719,input,track,joystick_x,0
19677.007666,3.830516,input,track,joystick_x,0
19677.03959,3.862377,input,track,joystick_x,0
19677.075151,3.897986,input,track,joystick_x,0
19677.108203,3.931023,input,track,joystick_x,0
19677.141382,3.964222,input,track,joystick_x,0
19677.174853,3.9977,input,track,joystick_x,0
19677.207891,4.030751,input,track,joystick_x,0
19677.241419,4.064212,input,track,joystick_x,0
19677.275135,4.097896,input,track,joystick_x,0
19677.307661,4.130502,input,track,joystick_x,0
19677.34096,4.163819,input,track,joystick_x,0
19677.374637,4.197433,input,track,joystick_x,0
19677.409346,4.230447,input,track,joystick_x,0
19677.440178,4.263015,input,track,joystick_x,0
19677.474391,4.297224,input,track,joystick_x,0
19677.50746,4.330273,input,track,joystick_x,0
19677.540602,4.363396,input,track,joystick_x,0
19677.574021,4.396868,input,track,joystick_x,0
19677.607113,4.429954,input,track,joystick_x,0
19677.640021,4.462889,input,track,joystick_x,0
19677.67388,4.496756,input,track,joystick_x,0
19677.706693,4.529518,input,track,joystick_x,0
19677.740254,4.563092,input,track,joystick_x,0
19677.773853,4.596698,input,track,joystick_x,0
19677.805746,4.628572,input,track,joystick_x,0
19677.840395,4.663211,input,track,joystick_x,0
19677.87401,4.696886,input,track,joystick_x,0
19677.906818,4.729645,input,track,joystick_x,0
19677.939997,4.762824,input,track,joystick_x,0
19677.973286,4.796097,input,track,joystick_x,0
19678.006877,4.829746,input,track,joystick_x,0
19678.040209,4.863063,input,track,joystick_x,0
19678.073462,4.896285,input,track,joystick_x,0
19678.106394,4.929208,input,track,joystick_x,0
19678.139897,4.962754,input,track,joystick_x,0
19678.173089,4.99592,input,track,joystick_x,0
19678.206198,5.029054,input,track,joystick_x,0
19678.240013,5.062851,input,track,joystick_x,0
19678.272941,5.095785,input,track,joystick_x,0
19678.306571,5.129418,input,track,joystick_x,0
19678.34007,5.162905,input,track,joystick_x,0
19678.373359,5.19618,input,track,joystick_x,0
19678.407878,5.23072,input,track,joystick_x,0
19678.439096,5.261934,input,track,joystick_x,0
19678.472971,5.295828,input,track,joystick_x,0
19678.506139,5.328965,input,track,joystick_x,0
19678.539517,5.362354,input,track,joystick_x,0
19678.572861,5.395714,input,track,joystick_x,0
19678.606482,5.429336,input,track,joystick_x,0
19678.639427,5.462258,input,track,joystick_x,0
19678.672631,5.495499,input,track,joystick_x,0
19678.706181,5.52901,input,track,joystick_x,0
19678.739337,5.562197,input,track,joystick_x,0
19678.77278,5.595597,input,track,joystick_x,0
19678.804799,5.627644,input,track,joystick_x,0
19678.83932,5.662132,input,track,joystick_x,0
19678.872847,5.695639,input,track,joystick_x,0
19678.905947,5.728686,input,track,joystick_x,0
19678.939265,5.762104,input,track,joystick_x,0
19678.971959,5.794812,input,track,joystick_x,0
19679.005789,5.828652,input,track,joystick_x,0
19679.039037,5.861881,input,track,joystick_x,0
19679.072335,5.895206,input,track,joystick_x,0
19679.105376,5.928217,input,track,joystick_x,0
19679.1393,5.962103,input,track,joystick_x,0
19679.172024,5.994867,input,track,joystick_x,0
19679.20552,6.028357,input,track,joystick_x,0
19679.23902,6.061874,input,track,joystick_x,0
19679.272295,6.09514,input,track,joystick_x,0
19679.305279,6.128095,input,track,joystick_x,0
19679.339322,6.162124,input,track,joystick_x,0
19679.372402,6.19525,input,track,joystick_x,0
19679.405388,6.228213,input,track,joystick_x,0
19679.438102,6.260956,input,track,joystick_x,0
19679.472355,6.295212,input,track,joystick_x,0
19679.505205,6.328069,input,track,joystick_x,0
19679.539402,6.36226,input,track,joystick_x,0
19679.571938,6.394773,input,track,joystick_x,0
19679.604348,6.427165,input,track,joystick_x,0
19679.639261,6.462104,input,track,joystick_x,0
19679.672381,6.495198,input,track,joystick_x,0
19679.704888,6.527689,input,track,joystick_x,0
19679.739168,6.562052,input,track,joystick_x,0
19679.771755,6.594582,input,track,joystick_x,0
19679.80344,6.626303,input,track,joystick_x,0
19679.838904,6.661692,input,track,joystick_x,0
19679.871991,6.694838,input,track,joystick_x,0
19679.905095,6.727937,input,track,joystick_x,0
19679.938481,6.761312,input,track,joystick_x,0
19679.971758,6.794582,input,track,joystick_x,0
19680.005316,6.828151,input,track,joystick_x,0
19680.038141,6.86097,input,track,joystick_x,0
19680.0716,6.89443,input,track,joystick_x,0
19680.104546,6.927391,input,track,joystick_x,0
19680.138378,6.961198,input,track,joystick_x,0
19680.171326,6.994127,input,track,joystick_x,0
19680.204465,7.027312,input,track,joystick_x,0
19680.23818,7.061007,input,track,joystick_x,0
19680.270675,7.093522,input,track,joystick_x,0
19680.30484,7.127637,input,track,joystick_x,0
19680.338245,7.161065,input,track,joystick_x,0
19680.371614,7.194465,input,track,joystick_x,0
19680.404604,7.227411,input,track,joystick_x,0
19680.437775,7.260627,input,track,joystick_x,0
19680.471621,7.294423,input,track,joystick_x,0
19680.504431,7.327233,input,track,joystick_x,0
19680.53813,7.360943,input,track,joystick_x,0
19680.570929,7.393762,input,track,joystick_x,0
19680.604234,7.427056,input,track,joystick_x,0
19680.637421,7.460246,input,track,joystick_x,0
19680.669363,7.492193,input,track,joystick_x,0
19680.70511,7.527815,input,track,joystick_x,0
19680.738474,7.561208,input,track,joystick_x,0
19680.77087,7.593604,input,track,joystick_x,0
19680.803506,7.626178,input,track,joystick_x,0
19680.837572,7.660298,input,track,joystick_x,0
19680.868711,7.691467,input,track,joystick_x,0
19680.903871,7.726593,input,track,joystick_x,0
19680.937901,7.760587,input,track,joystick_x,0
19680.973604,7.796344,input,track,joystick_x,0
19681.006057,7.828765,input,track,joystick_x,0
19681.035893,7.858761,input,track,joystick_x,0
19681.068406,7.891226,input,track,joystick_x,0
19681.103547,7.926385,input,track,joystick_x,0
19681.13744,7.960246,input,track,joystick_x,0
19681.170371,7.993222,input,track,joystick_x,0
19681.20469,8.027427,input,track,joystick_x,0
19681.235955,8.058761,input,track,joystick_x,0
19681.271437,8.094214,input,track,joystick_x,0
19681.305677,8.128528,input,track,joystick_x,0
19681.337885,8.160752,input,track,joystick_x,0
19681.370991,8.193853,input,track,joystick_x,0
19681.401403,8.224281,input,track,joystick_x,0
19681.436379,8.257923,input,track,joystick_x,0
19681.470853,8.293683,input,track,joystick_x,0
19681.504867,8.327686,input,track,joystick_x,0
19681.53718,8.360029,input,track,joystick_x,0
19681.570893,8.393758,input,track,joystick_x,0
19681.604326,8.427178,input,track,joystick_x,0
19681.637372,8.460218,input,track,joystick_x,0
19681.670328,8.493154,input,track,joystick_x,0
19681.704216,8.527058,input,track,joystick_x,0
19681.736897,8.55974,input,track,joystick_x,0
19681.770458,8.593285,input,track,joystick_x,0
19681.805849,8.628578,input,track,joystick_x,0
19681.836999,8.659839,input,track,joystick_x,0
19681.870497,8.693276,input,track,joystick_x,0
19681.904185,8.72704,input,track,joystick_x,0
19681.936976,8.759848,input,track,joystick_x,0
19681.970277,8.7931,input,track,joystick_x,0
19682.005676,8.828385,input,track,joystick_x,0
19682.033731,8.856646,input,track,joystick_x,0
19682.069137,8.891992,input,track,joystick_x,0
19682.103488,8.926295,input,track,joystick_x,0
19682.136704,8.959566,input,track,joystick_x,0
19682.169856,8.9927,input,track,joystick_x,0
19682.203099,9.025948,input,track,joystick_x,0
19682.23704,9.059871,input,track,joystick_x,0
19682.269246,9.092107,input,track,joystick_x,0
19682.303276,9.126119,input,track,joystick_x,0
19682.336967,9.159813,input,track,joystick_x,0
19682.36984,9.192697,input,track,joystick_x,0
19682.403131,9.225996,input,track,joystick_x,0
19682.43685,9.259694,input,track,joystick_x,0
19682.469609,9.292445,input,track,joystick_x,0
19682.503252,9.326087,input,track,joystick_x,0
19682.536552,9.359378,input,track,joystick_x,0
19682.56992,9.392763,input,track,joystick_x,0
19682.603592,9.426453,input,track,joystick_x,0
19682.636541,9.459385,input,track,joystick_x,0
19682.669674,9.492522,input,track,joystick_x,0
19682.703003,9.525831,input,track,joystick_x,0
19682.736982,9.559769,input,track,joystick_x,0
19682.769568,9.592414,input,track,joystick_x,0
19682.803223,9.625976,input,track,joystick_x,0
19682.833978,9.656856,input,track,joystick_x,0
19682.869782,9.692618,input,track,joystick_x,0
19682.903143,9.725988,input,track,joystick_x,0
19682.93571,9.758573,input,track,joystick_x,0
19682.970104,9.792969,input,track,joystick_x,0
19683.002816,9.825657,input,track,joystick_x,0
19683.034581,9.85738,input,track,joystick_x,0
19683.069476,9.892357,input,track,joystick_x,0
19683.103263,9.926015,input,track,joystick_x,0
19683.135586,9.958429,input,track,joystick_x,0
19683.169643,9.992515,input,track,joystick_x,0
19683.202196,10.025055,input,track,joystick_x,0
19683.235188,10.058011,input,track,joystick_x,0
19683.269207,10.092063,input,track,joystick_x,0
19683.302632,10.125474,input,track,joystick_x,0
19683.33529,10.15816,input,track,joystick_x,0
19683.369071,10.191915,input,track,joystick_x,0
19683.402538,10.225381,input,track,joystick_x,0
19683.436757,10.258251,input,track,joystick_x,0
19683.466281,10.289157,input,track,joystick_x,0
19683.502474,10.325312,input,track,joystick_x,0
19683.535659,10.358508,input,track,joystick_x,0
19683.568685,10.391551,input,track,joystick_x,0
19683.602148,10.424951,input,track,joystick_x,0
19683.635857,10.458696,input,track,joystick_x,0
19683.668905,10.491743,input,track,joystick_x,0
19683.702003,10.524851,input,track,joystick_x,0
19683.73563,10.55849,input,track,joystick_x,0
19683.768483,10.591334,input,track,joystick_x,0
19683.802107,10.624959,input,track,joystick_x,0
19683.836137,10.658998,input,track,joystick_x,0
19683.868826,10.691639,input,track,joystick_x,0
19683.902214,10.725064,input,track,joystick_x,0
19683.935475,10.758325,input,track,joystick_x,0
19683.968572,10.791402,input,track,joystick_x,0
19684.002035,10.824904,input,track,joystick_x,0
19684.035494,10.858348,input,track,joystick_x,0
19684.068257,10.891056,input,track,joystick_x,0
19684.101632,10.924439,input,track,joystick_x,0
19684.13491,10.957726,input,track,joystick_x,0
19684.16856,10.991409,input,track,joystick_x,0
19684.20147,11.024263,input,track,joystick_x,0
19684.234797,11.057606,input,track,joystick_x,0
19684.267405,11.090281,input,track,joystick_x,0
19684.301487,11.124322,input,track,joystick_x,0
19684.334947,11.157762,input,track,joystick_x,0
19684.368145,11.19097,input,track,joystick_x,0
19684.401181,11.224039,input,track,joystick_x,0
19684.434757,11.257598,input,track,joystick_x,0
19684.468074,11.290843,input,track,joystick_x,0
19684.501877,11.324719,input,track,joystick_x,0
19684.534948,11.357775,input,track,joystick_x,0
19684.568494,11.391356,input,track,joystick_x,0
19684.601719,11.424571,input,track,joystick_x,0
19684.634209,11.457069,input,track,joystick_x,0
19684.667636,11.490472,input,track,joystick_x,0
19684.700672,11.52353,input,track,joystick_x,0
19684.735447,11.558244,input,track,joystick_x,0
19684.768118,11.590893,input,track,joystick_x,0
19684.801521,11.624341,input,track,joystick_x,0
19684.834763,11.657586,input,track,joystick_x,0
19684.867623,11.690471,input,track,joystick_x,0
19684.90074,11.723589,input,track,joystick_x,0
19684.935123,11.75794,input,track,joystick_x,0
19684.966163,11.789033,input,track,joystick_x,0
19685.000633,11.823477,input,track,joystick_x,0
19685.034523,11.857395,input,track,joystick_x,0
19685.067461,11.890309,input,track,joystick_x,0
19685.100725,11.923571,input,track,joystick_x,0
19685.134981,11.957809,input,track,joystick_x,0
19685.167594,11.990441,input,track,joystick_x,0
19685.200631,12.023464,input,track,joystick_x,0
19685.234426,12.057281,input,track,joystick_x,0
19685.26711,12.089955,input,track,joystick_x,0
19685.300526,12.123368,input,track,joystick_x,0
19685.333489,12.15636,input,track,joystick_x,0
19685.367378,12.190235,input,track,joystick_x,0
19685.401004,12.223839,input,track,joystick_x,0
19685.434051,12.25694,input,track,joystick_x,0
19685.466971,12.289803,input,track,joystick_x,0
19685.500377,12.323212,input,track,joystick_x,0
19685.53407,12.356907,input,track,joystick_x,0
19685.566914,12.389766,input,track,joystick_x,0
19685.600339,12.423141,input,track,joystick_x,0
19685.633736,12.456574,input,track,joystick_x,0
19685.667228,12.490044,input,track,joystick_x,0
19685.700295,12.523113,input,track,joystick_x,0
19685.732996,12.555869,input,track,joystick_x,0
19685.767011,12.589824,input,track,joystick_x,0
19685.800683,12.62352,input,track,joystick_x,0
19685.833575,12.656436,input,track,joystick_x,0
19685.866542,12.689376,input,track,joystick_x,0
19685.899815,12.72263,input,track,joystick_x,0
19685.933554,12.756381,input,track,joystick_x,0
19685.966839,12.789681,input,track,joystick_x,0
19686.000121,12.822944,input,track,joystick_x,0
19686.030895,12.853753,input,track,joystick_x,0
19686.064484,12.887304,input,track,joystick_x,0
19686.097169,12.92003,input,track,joystick_x,0
19686.130789,12.953644,input,track,joystick_x,0
19686.163972,12.98679,input,track,joystick_x,0
19686.197307,13.020047,input,track,joystick_x,0
19686.229796,13.052693,input,track,joystick_x,0
19686.264208,13.087028,input,track,joystick_x,0
19686.299583,13.122429,input,track,joystick_x,0
19686.332712,13.155562,input,track,joystick_x,0
19686.36631,13.189156,input,track,joystick_x,0
19686.400434,13.223243,input,track,joystick_x,0
19686.433086,13.255888,input,track,joystick_x,0
19686.466432,13.28926,input,track,joystick_x,0
19686.499949,13.322771,input,track,joystick_x,0
19686.532983,13.355815,input,track,joystick_x,0
19686.566151,13.388989,input,track,joystick_x,0
19686.599604,13.42244,input,track,joystick_x,0
19686.632925,13.455761,input,track,joystick_x,0
19686.666463,13.489284,input,track,joystick_x,0
19686.699416,13.522245,input,track,joystick_x,0
19686.732953,13.555772,input,track,joystick_x,0
19686.765865,13.588657,input,track,joystick_x,0
19686.800444,13.623222,input,track,joystick_x,0
19686.832597,13.655431,input,track,joystick_x,0
19686.865682,13.68852,input,track,joystick_x,0
19686.899454,13.722286,input,track,joystick_x,0
19686.93278,13.755618,input,track,joystick_x,0
19686.96637,13.78917,input,track,joystick_x,0
19686.999535,13.822383,input,track,joystick_x,0
19687.031981,13.854835,input,track,joystick_x,0
19687.065773,13.888628,input,track,joystick_x,0
19687.099265,13.922129,input,track,joystick_x,0
19687.133013,13.955799,input,track,joystick_x,0
19687.165266,13.988106,input,track,joystick_x,0
19687.198814,14.021636,input,track,joystick_x,0
19687.232063,14.054925,input,track,joystick_x,0
19687.264951,14.08776,input,track,joystick_x,0
19687.298553,14.121398,input,track,joystick_x,0
19687.331925,14.154771,input,track,joystick_x,0
19687.365822,14.188552,input,track,joystick_x,0
19687.396483,14.2193,input,track,joystick_x,0
19687.428937,14.251784,input,track,joystick_x,0
19687.464804,14.286026,input,track,joystick_x,0
19687.495815,14.318681,input,track,joystick_x,0
19687.529784,14.352568,input,track,joystick_x,0
19687.564127,14.38694,input,track,joystick_x,0
19687.598535,14.421361,input,track,joystick_x,0
19687.631923,14.454729,input,track,joystick_x,0
19687.664507,14.48736,input,track,joystick_x,0
19687.697448,14.520311,input,track,joystick_x,0
19687.731772,14.554536,input,track,joystick_x,0
19687.765497,14.588358,input,track,joystick_x,0
19687.798471,14.621303,input,track,joystick_x,0
19687.830419,14.653295,input,track,joystick_x,0
19687.864597,14.687449,input,track,joystick_x,0
19687.898021,14.720865,input,track,joystick_x,0
19687.931505,14.754309,input,track,joystick_x,0
19687.964621,14.787462,input,track,joystick_x,0
19687.997836,14.820682,input,track,joystick_x,0
19688.031105,14.85395,input,track,joystick_x,0
19688.064755,14.887576,input,track,joystick_x,0
19688.097846,14.920711,input,track,joystick_x,0
19688.13158,14.954414,input,track,joystick_x,0
19688.164406,14.98725,input,track,joystick_x,0
19688.197573,15.020346,input,track,joystick_x,0
19688.2313,15.054125,input,track,joystick_x,0
19688.264469,15.087298,input,track,joystick_x,0
19688.297569,15.120406,input,track,joystick_x,0
19688.331168,15.153998,input,track,joystick_x,0
19688.364229,15.187027,input,track,joystick_x,0
19688.397496,15.220331,input,track,joystick_x,0
19688.430791,15.253626,input,track,joystick_x,0
19688.464126,15.286952,input,track,joystick_x,0
19688.497021,15.319852,input,track,joystick_x,0
19688.530746,15.353595,input,track,joystick_x,0
19688.56369,15.386547,input,track,joystick_x,0
19688.597492,15.420312,input,track,joystick_x,0
19688.630855,15.453706,input,track,joystick_x,0
19688.663829,15.486687,input,track,joystick_x,0
19688.69743,15.520205,input,track,joystick_x,0
19688.730771,15.553621,input,track,joystick_x,0
19688.763886,15.586718,input,track,joystick_x,0
19688.798353,15.621187,input,track,joystick_x,0
19688.830329,15.653152,input,track,joystick_x,0
19688.863741,15.686581,input,track,joystick_x,0
19688.897097,15.719928,input,track,joystick_x,0
19688.930364,15.753194,input,track,joystick_x,0
19688.963794,15.786612,input,track,joystick_x,0
19688.997128,15.819953,input,track,joystick_x,0
19689.030413,15.853248,input,track,joystick_x,0
19689.063822,15.886683,input,track,joystick_x,0
19689.097241,15.920025,input,track,joystick_x,0
19689.129882,15.952732,input,track,joystick_x,0
19689.163337,15.986184,input,track,joystick_x,0
19689.19661,16.019441,input,track,joystick_x,0
19689.230138,16.052972,input,track,joystick_x,0
19689.261424,16.084209,input,track,joystick_x,0
19689.296742,16.119582,input,track,joystick_x,0
19689.329825,16.152651,input,track,joystick_x,0
19689.363147,16.185988,input,track,joystick_x,0
19689.396412,16.21925,input,track,joystick_x,0
19689.429725,16.252589,input,track,joystick_x,0
19689.464692,16.286056,input,track,joystick_x,0
19689.49659,16.319372,input,track,joystick_x,0
19689.530517,16.353203,input,track,joystick_x,0
19689.56082,16.383522,input,track,joystick_x,0
19689.593257,16.416115,input,track,joystick_x,0
19689.6303,16.45313,input,track,joystick_x,0
19689.663144,16.485996,input,track,joystick_x,0
19689.695658,16.518554,input,track,joystick_x,0
19689.728699,16.551565,input,track,joystick_x,0
19689.749112,16.571962,input,track,joystick_x,0
19689.779192,16.601999,input,track,joystick_x,0
19689.809976,16.632861,input,track,joystick_x,0
19689.845963,16.668817,input,track,joystick_x,0
19689.879639,16.7025,input,track,joystick_x,0
19689.912773,16.735582,input,track,joystick_x,0
19689.946102,16.768937,input,track,joystick_x,0
19689.97966,16.802513,input,track,joystick_x,0
19690.012832,16.83569,input,track,joystick_x,0
19690.04635,16.869192,input,track,joystick_x,0
19690.079635,16.902479,input,track,joystick_x,0
19690.112668,16.935531,input,track,joystick_x,0
19690.146137,16.968971,input,track,joystick_x,0
19690.179565,17.002406,input,track,joystick_x,0
19690.212904,17.035773,input,track,joystick_x,0
19690.245951,17.06881,input,track,joystick_x,0
19690.277434,17.100306,input,track,joystick_x,0
19690.31262,17.135451,input,track,joystick_x,0
19690.345988,17.168851,input,track,joystick_x,0
19690.379499,17.202342,input,track,joystick_x,0
19690.412255,17.235113,input,track,joystick_x,0
19690.44583,17.26864,input,track,joystick_x,0
19690.479027,17.301857,input,track,joystick_x,0
19690.51255,17.335405,input,track,joystick_x,0
19690.543795,17.366552,input,track,joystick_x,0
19690.575838,17.398716,input,track,joystick_x,0
19690.596637,17.419468,input,track,joystick_x,0
19690.629034,17.451902,input,track,joystick_x,0
19690.662419,17.485263,input,track,joystick_x,0
19690.69526,17.518118,input,track,joystick_x,0
19690.728916,17.551773,input,track,joystick_x,0
19690.762432,17.585246,input,track,joystick_x,0
19690.795065,17.617913,input,track,joystick_x,0
19690.828511,17.651383,input,track,joystick_x,0
19690.862181,17.685042,input,track,joystick_x,0
19690.895561,17.718395,input,track,joystick_x,0
19690.928671,17.751524,input,track,joystick_x,0
19690.961665,17.784486,input,track,joystick_x,0
19690.99565,17.818504,input,track,joystick_x,0
19691.026739,17.849577,input,track,joystick_x,0
19691.058959,17.881831,input,track,joystick_x,0
19691.092403,17.915255,input,track,joystick_x,0
19691.125975,17.948787,input,track,joystick_x,0
19691.158967,17.98182,input,track,joystick_x,0
19691.192473,18.015218,input,track,joystick_x,0
19691.226513,18.049381,input,track,joystick_x,0
19691.261054,18.083957,input,track,joystick_x,0
19691.294519,18.117359,input,track,joystick_x,0
19691.327895,18.150753,input,track,joystick_x,0
19691.361417,18.18425,input,track,joystick_x,0
19691.394627,18.217477,input,track,joystick_x,0
19691.427767,18.250578,input,track,joystick_x,0
19691.461304,18.284152,input,track,joystick_x,0
19691.493875,18.316738,input,track,joystick_x,0
19691.528189,18.351033,input,track,joystick_x,0
19691.560459,18.383328,input,track,joystick_x,0
19691.594928,18.417755,input,track,joystick_x,0
19691.62789,18.450725,input,track,joystick_x,0
19691.661439,18.484257,input,track,joystick_x,0
19691.694511,18.51728,input,track,joystick_x,0
19691.727934,18.550762,input,track,joystick_x,0
19691.761049,18.583894,input,track,joystick_x,0
19691.79427,18.61713,input,track,joystick_x,0
19691.827736,18.650555,input,track,joystick_x,0
19691.860936,18.68378,input,track,joystick_x,0
19691.894073,18.716927,input,track,joystick_x,0
19691.927619,18.750474,input,track,joystick_x,0
19691.961023,18.783854,input,track,joystick_x,0
19691.994205,18.817037,input,track,joystick_x,0
19692.027411,18.850257,input,track,joystick_x,0
19692.060763,18.883613,input,track,joystick_x,0
19692.093972,18.916808,input,track,joystick_x,0
19692.127659,18.950497,input,track,joystick_x,0
19692.16059,18.983438,input,track,joystick_x,0
19692.193435,19.016291,input,track,joystick_x,0
19692.227464,19.050284,input,track,joystick_x,0
19692.26247,19.085385,input,track,joystick_x,0
19692.293136,19.115995,input,track,joystick_x,0
19692.327287,19.150132,input,track,joystick_x,0
19692.360356,19.183225,input,track,joystick_x,0
19692.394188,19.217014,input,track,joystick_x,0
19692.426777,19.249629,input,track,joystick_x,0
19692.46043,19.283296,input,track,joystick_x,0
19692.49383,19.316678,input,track,joystick_x,0
19692.527094,19.349924,input,track,joystick_x,0
19692.560527,19.383378,input,track,joystick_x,0
19692.5936,19.416433,input,track,joystick_x,0
19692.627121,19.449961,input,track,joystick_x,0
19692.660256,19.483043,input,track,joystick_x,0
19692.693337,19.516135,input,track,joystick_x,0
19692.726419,19.549276,input,track,joystick_x,0
19692.760057,19.582915,input,track,joystick_x,0
19692.79408,19.616899,input,track,joystick_x,0
19692.826952,19.649795,input,track,joystick_x,0
19692.859917,19.682777,input,track,joystick_x,0
19692.89336,19.716206,input,track,joystick_x,0
19692.926405,19.749254,input,track,joystick_x,0
19692.959777,19.78261,input,track,joystick_x,0
19692.99309,19.81596,input,track,joystick_x,0
19693.026285,19.849128,input,track,joystick_x,0
19693.060014,19.882808,input,track,joystick_x,0
19693.093099,19.915939,input,track,joystick_x,0
19693.126443,19.949282,input,track,joystick_x,0
19693.159418,19.982258,input,track,joystick_x,0
19693.193299,20.016133,input,track,joystick_x,0
19713.240964,40.063802,input,track,joystick_x,0
19713.274543,40.097397,input,track,joystick_x,0
19713.30766,40.130524,input,track,joystick_x,0
19713.340405,40.163269,input,track,joystick_x,0
19713.374469,40.197241,input,track,joystick_x,0
19713.407705,40.230555,input,track,joystick_x,0
19713.440693,40.26354,input,track,joystick_x,0
19713.474072,40.296902,input,track,joystick_x,0
19713.507466,40.330315,input,track,joystick_x,0
19713.540603,40.363472,input,track,joystick_x,0
19713.574515,40.397387,input,track,joystick_x,0
19713.609241,40.43049,input,track,joystick_x,0
19713.640287,40.463151,input,track,joystick_x,0
19713.673896,40.496737,input,track,joystick_x,0
19713.707148,40.530005,input,track,joystick_x,0
19713.740449,40.563292,input,track,joystick_x,0
19713.773926,40.596757,input,track,joystick_x,0
19713.807182,40.630045,input,track,joystick_x,0
19713.840593,40.66343,input,track,joystick_x,0
19713.873076,40.695912,input,track,joystick_x,0
19713.907516,40.730355,input,track,joystick_x,0
19713.940558,40.763404,input,track,joystick_x,0
19713.973585,40.796419,input,track,joystick_x,0
19714.006804,40.829661,input,track,joystick_x,0
19714.040414,40.863222,input,track,joystick_x,0
19714.073394,40.896242,input,track,joystick_x,0
19714.107044,40.92982,input,track,joystick_x,0
19714.139979,40.962824,input,track,joystick_x,0
19714.172436,40.995293,input,track,joystick_x,0
19714.205921,41.028789,input,track,joystick_x,0
19714.239618,41.062454,input,track,joystick_x,0
19714.275056,41.097919,input,track,joystick_x,0
19714.305538,41.128384,input,track,joystick_x,0
19714.339464,41.162304,input,track,joystick_x,0
19714.372085,41.194912,input,track,joystick_x,0
19714.40576,41.228629,input,track,joystick_x,0
19714.439239,41.262042,input,track,joystick_x,0
19714.472783,41.295623,input,track,joystick_x,0
19714.505988,41.328803,input,track,joystick_x,0
19714.539399,41.362229,input,track,joystick_x,0
19714.572497,41.395361,input,track,joystick_x,0
19714.605816,41.428684,input,track,joystick_x,0
19714.639227,41.462066,input,track,joystick_x,0
19714.672775,41.495617,input,track,joystick_x,0
19714.705819,41.528668,input,track,joystick_x,0
19714.739286,41.562081,input,track,joystick_x,0
19714.772799,41.59565,input,track,joystick_x,0
19714.805312,41.628175,input,track,joystick_x,0
19714.838716,41.661567,input,track,joystick_x,0
19714.872646,41.695425,input,track,joystick_x,0
19714.905697,41.728516,input,track,joystick_x,0
19714.938638,41.761486,input,track,joystick_x,0
19714.971978,41.794815,input,track,joystick_x,0
19715.005586,41.828424,input,track,joystick_x,0
19715.038846,41.861678,input,track,joystick_x,0
19715.072096,41.894943,input,track,joystick_x,0
19715.105464,41.928308,input,track,joystick_x,0
19715.138527,41.96137,input,track,joystick_x,0
19715.172297,41.995129,input,track,joystick_x,0
19715.205059,42.02789,input,track,joystick_x,0
19715.23663,42.059516,input,track,joystick_x,0
19715.272691,42.095536,input,track,joystick_x,0
19715.305335,42.128138,input,track,joystick_x,0
19715.338707,42.161547,input,track,joystick_x,0
19715.37191,42.194727,input,track,joystick_x,0
19715.40567,42.228496,input,track,joystick_x,0
19715.438285,42.261022,input,track,joystick_x,0
19715.469306,42.292184,input,track,joystick_x,0
19715.503077,42.325918,input,track,joystick_x,0
19715.536203,42.359044,input,track,joystick_x,0
19715.570363,42.393212,input,track,joystick_x,0
19715.602619,42.425472,input,track,joystick_x,0
19715.636722,42.459608,input,track,joystick_x,0
19715.671859,42.494708,input,track,joystick_x,0
19715.705249,42.528073,input,track,joystick_x,0
19715.738946,42.561788,input,track,joystick_x,0
19715.771704,42.594549,input,track,joystick_x,0
19715.804972,42.627768,input,track,joystick_x,0
19715.838814,42.661656,input,track,joystick_x,0
19715.872323,42.695175,input,track,joystick_x,0
19715.905096,42.72795,input,track,joystick_x,0
19715.938549,42.761405,input,track,joystick_x,0
19715.972138,42.794969,input,track,joystick_x,0
19716.005364,42.828203,input,track,joystick_x,0
19716.038272,42.861129,input,track,joystick_x,0
19716.071967,42.894745,input,track,joystick_x,0
19716.105428,42.92821,input,track,joystick_x,0
19716.138326,42.96114,input,track,joystick_x,0
19716.171281,42.994126,input,track,joystick_x,0
19716.204614,43.027455,input,track,joystick_x,0
19716.23798,43.060854,input,track,joystick_x,0
19716.271617,43.094412,input,track,joystick_x,0
19716.304166,43.126999,input,track,joystick_x,0
19716.337461,43.160317,input,track,joystick_x,0
19716.371076,43.193906,input,track,joystick_x,0
19716.404136,43.226936,input,track,joystick_x,0
19716.436996,43.259848,input,track,joystick_x,0
19716.471095,43.293956,input,track,joystick_x,0
19716.504513,43.327345,input,track,joystick_x,0
19716.537586,43.360415,input,track,joystick_x,0
19716.570682,43.393509,input,track,joystick_x,0
19716.603888,43.426734,input,track,joystick_x,0
19716.637212,43.460067,input,track,joystick_x,0
19716.670655,43.493495,input,track,joystick_x,0
19716.703907,43.526769,input,track,joystick_x,0
19716.737525,43.560383,input,track,joystick_x,0
19716.770707,43.593546,input,track,joystick_x,0
19716.803575,43.626436,input,track,joystick_x,0
19716.837515,43.660439,input,track,joystick_x,0
19716.870892,43.693716,input,track,joystick_x,0
19716.904549,43.727391,input,track,joystick_x,0
19716.937781,43.760629,input,track,joystick_x,0
19716.970755,43.793605,input,track,joystick_x,0
19717.004538,43.827402,input,track,joystick_x,0
19717.037525,43.860373,input,track,joystick_x,0
19717.070785,43.893633,input,track,joystick_x,0
19717.104085,43.92695,input,track,joystick_x,0
19717.137065,43.959883,input,track,joystick_x,0
19717.170951,43.99381,input,track,joystick_x,0
19717.20411,44.026962,input,track,joystick_x,0
19717.237456,44.060315,input,track,joystick_x,0
19717.270714,44.093524,input,track,joystick_x,0
19717.304104,44.126854,input,track,joystick_x,0
19717.337149,44.159973,input,track,joystick_x,0
19717.370772,44.193616,input,track,joystick_x,0
19717.403364,44.226209,input,track,joystick_x,0
19717.438201,44.261043,input,track,joystick_x,0
19717.470113,44.292955,input,track,joystick_x,0
19717.503921,44.32676,input,track,joystick_x,0
19717.536527,44.359378,input,track,joystick_x,0
19717.569998,44.392852,input,track,joystick_x,0
19717.603692,44.426547,input,track,joystick_x,0
19717.636361,44.459212,input,track,joystick_x,0
19717.669588,44.492439,input,track,joystick_x,0
19717.70389,44.526761,input,track,joystick_x,0
19717.736456,44.559293,input,track,joystick_x,0
19717.770175,44.592991,input,track,joystick_x,0
19717.802944,44.625825,input,track,joystick_x,0
19717.834886,44.657724,input,track,joystick_x,0
19717.867131,44.690023,input,track,joystick_x,0
19717.900994,44.723791,input,track,joystick_x,0
19717.93345,44.756338,input,track,joystick_x,0
19717.97066,44.793522,input,track,joystick_x,0
19718.003178,44.826014,input,track,joystick_x,0
19718.036405,44.859268,input,track,joystick_x,0
19718.069786,44.892633,input,track,joystick_x,0
19718.102992,44.925861,input,track,joystick_x,0
19718.136062,44.95891,input,track,joystick_x,0
19718.169534,44.992399,input,track,joystick_x,0
19718.202384,45.025236,input,track,joystick_x,0
19718.236169,45.058983,input,track,joystick_x,0
19718.271412,45.094277,input,track,joystick_x,0
19718.302737,45.125557,input,track,joystick_x,0
19718.336169,45.15902,input,track,joystick_x,0
19718.370014,45.192864,input,track,joystick_x,0
19718.403008,45.225857,input,track,joystick_x,0
19718.436794,45.259624,input,track,joystick_x,0
19718.469291,45.292138,input,track,joystick_x,0
19718.502394,45.325243,input,track,joystick_x,0
19718.536522,45.359326,input,track,joystick_x,0
19718.568396,45.391247,input,track,joystick_x,0
19718.601755,45.424575,input,track,joystick_x,0
19718.63546,45.458294,input,track,joystick_x,0
19718.668945,45.49181,input,track,joystick_x,0
19718.702323,45.525148,input,track,joystick_x,0
19718.735302,45.558175,input,track,joystick_x,0
19718.768522,45.591345,input,track,joystick_x,0
19718.80212,45.624943,input,track,joystick_x,0
19718.833327,45.656157,input,track,joystick_x,0
19718.866267,45.689098,input,track,joystick_x,0
19718.89907,45.721964,input,track,joystick_x,0
19718.920208,45.743009,input,track,joystick_x,0
19718.952174,45.774984,input,track,joystick_x,0
19718.9858,45.80863,input,track,joystick_x,0
19719.018879,45.841715,input,track,joystick_x,0
19719.052519,45.875375,input,track,joystick_x,0
19719.085587,45.908414,input,track,joystick_x,0
19719.118873,45.941715,input,track,joystick_x,0
19719.15245,45.975316,input,track,joystick_x,0
19719.185358,46.008221,input,track,joystick_x,0
19719.219209,46.04202,input,track,joystick_x,0
19719.251818,46.074634,input,track,joystick_x,0
19719.285008,46.107855,input,track,joystick_x,0
19719.318457,46.141276,input,track,joystick_x,0
19719.352089,46.174982,input,track,joystick_x,0
19719.38477,46.207563,input,track,joystick_x,0
19719.418983,46.2418,input,track,joystick_x,0
19719.451893,46.274728,input,track,joystick_x,0
19719.485243,46.3081,input,track,joystick_x,0
19719.519181,46.34202,input,track,joystick_x,0
19719.552321,46.375127,input,track,joystick_x,0
19719.584991,46.407819,input,track,joystick_x,0
19719.618398,46.441244,input,track,joystick_x,0
19719.651298,46.474169,input,track,joystick_x,0
19719.685203,46.508047,input,track,joystick_x,0
19719.718273,46.541089,input,track,joystick_x,0
19719.751489,46.574335,input,track,joystick_x,0
19719.78489,46.607718,input,track,joystick_x,0
19719.817494,46.64037,input,track,joystick_x,0
19719.851322,46.674141,input,track,joystick_x,0
19719.884907,46.707753,input,track,joystick_x,0
19719.918641,46.741442,input,track,joystick_x,0
19719.950851,46.773714,input,track,joystick_x,0
19719.984675,46.807522,input,track,joystick_x,0
19720.017657,46.840504,input,track,joystick_x,0
19720.051409,46.874231,input,track,joystick_x,0
19720.085089,46.907935,input,track,joystick_x,0
19720.11801,46.940861,input,track,joystick_x,0
19720.150722,46.973565,input,track,joystick_x,0
19720.185043,47.007837,input,track,joystick_x,0
19720.218097,47.040914,input,track,joystick_x,0
19720.250605,47.073465,input,track,joystick_x,0
19720.284126,47.106998,input,track,joystick_x,0
19720.317298,47.140127,input,track,joystick_x,0
19720.350604,47.173409,input,track,joystick_x,0
19720.384492,47.207357,input,track,joystick_x,0
19720.417401,47.240242,input,track,joystick_x,0
19720.450608,47.273495,input,track,joystick_x,0
19720.484297,47.307145,input,track,joystick_x,0
19720.51779,47.340608,input,track,joystick_x,0
19720.550657,47.373485,input,track,joystick_x,0
19720.584486,47.407272,input,track,joystick_x,0
19720.617033,47.439881,input,track,joystick_x,0
19720.649848,47.472684,input,track,joystick_x,0
19720.683643,47.506503,input,track,joystick_x,0
19720.717319,47.540137,input,track,joystick_x,0
19720.750162,47.572989,input,track,joystick_x,0
19720.783524,47.606384,input,track,joystick_x,0
19720.816727,47.639564,input,track,joystick_x,0
19720.84978,47.672647,input,track,joystick_x,0
19720.883547,47.706367,input,track,joystick_x,0
19720.916483,47.739303,input,track,joystick_x,0
19720.949411,47.772285,input,track,joystick_x,0
19720.983668,47.806502,input,track,joystick_x,0
19721.016929,47.839751,input,track,joystick_x,0
19721.049753,47.872603,input,track,joystick_x,0
19721.083384,47.906252,input,track,joystick_x,0
19721.116908,47.939725,input,track,joystick_x,0
19721.147308,47.970177,input,track,joystick_x,0
19721.181723,48.004433,input,track,joystick_x,0
19721.21478,48.037525,input,track,joystick_x,0
19721.237505,48.059906,input,track,joystick_x,0
19721.271985,48.094786,input,track,joystick_x,0
19721.302234,48.124844,input,track,joystick_x,0
19721.338529,48.161184,input,track,joystick_x,0
19721.363697,48.186608,input,track,joystick_x,0
19721.399083,48.221925,input,track,joystick_x,0
19721.432569,48.255427,input,track,joystick_x,0
19721.466381,48.289228,input,track,joystick_x,0
19721.500051,48.322881,input,track,joystick_x,0
19721.533056,48.355884,input,track,joystick_x,0
19721.566436,48.389227,input,track,joystick_x,0
19721.599592,48.422441,input,track,joystick_x,0
19721.632869,48.455708,input,track,joystick_x,0
19721.665281,48.488126,input,track,joystick_x,0
19721.700044,48.522885,input,track,joystick_x,0
19721.732638,48.555485,input,track,joystick_x,0
19721.766097,48.588965,input,track,joystick_x,0
19721.799813,48.622667,input,track,joystick_x,0
19721.833101,48.655907,input,track,joystick_x,0
19721.865973,48.688823,input,track,joystick_x,0
19721.899506,48.722355,input,track,joystick_x,0
19721.932925,48.755708,input,track,joystick_x,0
19721.968264,48.790943,input,track,joystick_x,0
19721.999977,48.82276,input,track,joystick_x,0
19722.03035,48.853226,input,track,joystick_x,0
19722.065363,48.888213,input,track,joystick_x,0
19722.099259,48.922074,input,track,joystick_x,0
19722.132754,48.955616,input,track,joystick_x,0
19722.165646,48.988524,input,track,joystick_x,0
19722.198337,49.021189,input,track,joystick_x,0
19722.232848,49.055681,input,track,joystick_x,0
19722.266151,49.089,input,track,joystick_x,0
19722.299734,49.122598,input,track,joystick_x,0
19722.332516,49.155385,input,track,joystick_x,0
19722.365623,49.188492,input,track,joystick_x,0
19722.399886,49.222783,input,track,joystick_x,0
19722.4331,49.255909,input,track,joystick_x,0
19722.465781,49.288627,input,track,joystick_x,0
19722.499639,49.322467,input,track,joystick_x,0
19722.532393,49.35521,input,track,joystick_x,0
19722.565952,49.388812,input,track,joystick_x,0
19722.59878,49.421621,input,track,joystick_x,0
19722.632656,49.455443,input,track,joystick_x,0
19722.665862,49.488714,input,track,joystick_x,0
19722.69906,49.521921,input,track,joystick_x,0
19722.732472,49.555312,input,track,joystick_x,0
19722.765413,49.588277,input,track,joystick_x,0
19722.799453,49.622291,input,track,joystick_x,0
19722.831992,49.654806,input,track,joystick_x,0
19722.86535,49.68817,input,track,joystick_x,0
19722.899663,49.722395,input,track,joystick_x,0
19722.931957,49.754759,input,track,joystick_x,0
19722.965448,49.788307,input,track,joystick_x,0
19722.998405,49.821271,input,track,joystick_x,0
19723.031665,49.854496,input,track,joystick_x,0
19723.064964,49.88782,input,track,joystick_x,0
19723.098887,49.921688,input,track,joystick_x,0
19723.131425,49.954243,input,track,joystick_x,0
19723.165794,49.988667,input,track,joystick_x,0
19723.198109,50.020929,input,track,joystick_x,0
19723.230339,50.053247,input,track,joystick_x,0
19723.265172,50.088039,input,track,joystick_x,0
19723.298946,50.121753,input,track,joystick_x,0
19723.3313,50.154112,input,track,joystick_x,0
19723.365544,50.188402,input,track,joystick_x,0
19723.398213,50.221049,input,track,joystick_x,0
19723.430985,50.253833,input,track,joystick_x,0
19723.465355,50.28816,input,track,joystick_x,0
19723.499673,50.322511,input,track,joystick_x,0
19723.531249,50.354058,input,track,joystick_x,0
19723.56507,50.387904,input,track,joystick_x,0
19723.598116,50.420938,input,track,joystick_x,0
19723.631165,50.454004,input,track,joystick_x,0
19723.666404,50.487866,input,track,joystick_x,0
19723.697222,50.520071,input,track,joystick_x,0
19723.731384,50.554233,input,track,joystick_x,0
19723.764811,50.587619,input,track,joystick_x,0
19723.797708,50.620559,input,track,joystick_x,0
19723.830805,50.65367,input,track,joystick_x,0
19723.86427,50.687125,input,track,joystick_x,0
19723.897384,50.720217,input,track,joystick_x,0
19723.930677,50.753528,input,track,joystick_x,0
19723.963915,50.786754,input,track,joystick_x,0
19723.99743,50.820275,input,track,joystick_x,0
19724.03067,50.853489,input,track,joystick_x,0
19724.064056,50.886902,input,track,joystick_x,0
19724.097263,50.92012,input,track,joystick_x,0
19724.130545,50.953374,input,track,joystick_x,0
19724.164052,50.986889,input,track,joystick_x,0
19724.196974,51.019839,input,track,joystick_x,0
19724.230229,51.053075,input,track,joystick_x,0
19724.263757,51.086625,input,track,joystick_x,0
19724.296502,51.119345,input,track,joystick_x,0
19724.330434,51.153287,input,track,joystick_x,0
19724.363708,51.186569,input,track,joystick_x,0
19724.39698,51.21983,input,track,joystick_x,0
19724.430255,51.253071,input,track,joystick_x,0
19724.463326,51.286158,input,track,joystick_x,0
19724.496715,51.319566,input,track,joystick_x,0
19724.530075,51.352947,input,track,joystick_x,0
19724.563457,51.386313,input,track,joystick_x,0
19724.596869,51.419728,input,track,joystick_x,0
19724.629937,51.452813,input,track,joystick_x,0
19724.663305,51.486167,input,track,joystick_x,0
19724.696618,51.519478,input,track,joystick_x,0
19724.730191,51.553014,input,track,joystick_x,0
19724.76352,51.586355,input,track,joystick_x,0
19724.796487,51.619334,input,track,joystick_x,0
19724.830429,51.653258,input,track,joystick_x,0
19724.863001,51.685834,input,track,joystick_x,0
19724.89629,51.719117,input,track,joystick_x,0
19724.930338,51.753188,input,track,joystick_x,0
19724.963535,51.786372,input,track,joystick_x,0
19724.996438,51.819273,input,track,joystick_x,0
19725.030031,51.852906,input,track,joystick_x,0
19725.063275,51.886063,input,track,joystick_x,0
19725.096087,51.918926,input,track,joystick_x,0
19725.129555,51.952393,input,track,joystick_x,0
19725.162442,51.98529,input,track,joystick_x,0
19725.195742,52.018593,input,track,joystick_x,0
19725.229377,52.052231,input,track,joystick_x,0
19725.262773,52.085605,input,track,joystick_x,0
19725.296634,52.119439,input,track,joystick_x,0
19725.329671,52.152491,input,track,joystick_x,0
19725.362452,52.185323,input,track,joystick_x,0
19725.395997,52.218831,input,track,joystick_x,0
19725.429468,52.252321,input,track,joystick_x,0
19725.462709,52.28557,input,track,joystick_x,0
19725.496348,52.319211,input,track,joystick_x,0
19725.529572,52.352418,input,track,joystick_x,0
19725.56293,52.385762,input,track,joystick_x,0
19725.5958,52.418648,input,track,joystick_x,0
19725.629569,52.452439,input,track,joystick_x,0
19725.662862,52.485697,input,track,joystick_x,0
19725.694723,52.517569,input,track,joystick_x,0
19725.729491,52.552289,input,track,joystick_x,0
19725.763046,52.585884,input,track,joystick_x,0
19725.796426,52.619174,input,track,joystick_x,0
19725.829603,52.652453,input,track,joystick_x,0
19725.862832,52.685666,input,track,joystick_x,0
19725.895937,52.718787,input,track,joystick_x,0
19725.929308,52.752148,input,track,joystick_x,0
19725.962835,52.785694,input,track,joystick_x,0
19725.995628,52.81847,input,track,joystick_x,0
19726.028615,52.851471,input,track,joystick_x,0
19726.062201,52.885077,input,track,joystick_x,0
19726.095805,52.918645,input,track,joystick_x,0
19726.128736,52.951592,input,track,joystick_x,0
19726.162285,52.985148,input,track,joystick_x,0
19726.194868,53.017678,input,track,joystick_x,0
19726.229406,53.052262,input,track,joystick_x,0
19726.261793,53.084638,input,track,joystick_x,0
19726.295162,53.117981,input,track,joystick_x,0
19726.329064,53.151906,input,track,joystick_x,0
19726.362134,53.184971,input,track,joystick_x,0
19726.395834,53.218647,input,track,joystick_x,0
19726.428569,53.251399,input,track,joystick_x,0
19726.462224,53.28509,input,track,joystick_x,0
19726.496258,53.319091,input,track,joystick_x,0
19726.529169,53.352019,input,track,joystick_x,0
19726.561782,53.384616,input,track,joystick_x,0
19726.595908,53.418745,input,track,joystick_x,0
19726.62862,53.451475,input,track,joystick_x,0
19726.661815,53.48466,input,track,joystick_x,0
19726.695141,53.518008,input,track,joystick_x,0
19726.728785,53.551629,input,track,joystick_x,0
19726.762105,53.584967,input,track,joystick_x,0
19726.795088,53.617925,input,track,joystick_x,0
19726.82839,53.651167,input,track,joystick_x,0
19726.861827,53.684676,input,track,joystick_x,0
19726.895335,53.718179,input,track,joystick_x,0
19726.928072,53.750876,input,track,joystick_x,0
19726.961234,53.784077,input,track,joystick_x,0
19726.994823,53.81768,input,track,joystick_x,0
19727.02793,53.850724,input,track,joystick_x,0
19727.061536,53.884377,input,track,joystick_x,0
19727.094614,53.917453,input,track,joystick_x,0
19727.127879,53.950698,input,track,joystick_x,0
19727.161108,53.983965,input,track,joystick_x,0
19727.194227,54.017074,input,track,joystick_x,0
19727.227442,54.050284,input,track,joystick_x,0
19727.261596,54.084407,input,track,joystick_x,0
19727.29429,54.117084,input,track,joystick_x,0
19727.327495,54.150346,input,track,joystick_x,0
19727.360162,54.183064,input,track,joystick_x,0
19727.394593,54.217428,input,track,joystick_x,0
19727.426463,54.249323,input,track,joystick_x,0
19727.461021,54.283847,input,track,joystick_x,0
19727.493994,54.316817,input,track,joystick_x,0
19727.5275,54.350311,input,track,joystick_x,0
19727.561107,54.38384,input,track,joystick_x,0
19727.594098,54.416927,input,track,joystick_x,0
19727.627302,54.450129,input,track,joystick_x,0
19727.661159,54.483945,input,track,joystick_x,0
19727.693002,54.514477,input,track,joystick_x,0
19727.725183,54.547973,input,track,joystick_x,0
19727.758125,54.580786,input,track,joystick_x,0
19727.792421,54.615162,input,track,joystick_x,0
19727.824794,54.647614,input,track,joystick_x,0
19727.858282,54.68121,input,track,joystick_x,0
19727.892313,54.715139,input,track,joystick_x,0
19727.92722,54.750039,input,track,joystick_x,0
19727.960676,54.783494,input,track,joystick_x,0
19727.994033,54.816876,input,track,joystick_x,0
19728.026892,54.849732,input,track,joystick_x,0
19728.060442,54.883283,input,track,joystick_x,0
19728.093762,54.916579,input,track,joystick_x,0
19728.127308,54.950135,input,track,joystick_x,0
19728.160858,54.983702,input,track,joystick_x,0
19728.193556,55.016377,input,track,joystick_x,0
19728.226548,55.049389,input,track,joystick_x,0
19728.260554,55.083366,input,track,joystick_x,0
19728.293149,55.116001,input,track,joystick_x,0
19728.32678,55.149618,input,track,joystick_x,0
19728.360297,55.183127,input,track,joystick_x,0
19728.393378,55.216193,input,track,joystick_x,0
19728.426406,55.249235,input,track,joystick_x,0
19728.460231,55.28306,input,track,joystick_x,0
19728.493098,55.315931,input,track,joystick_x,0
19728.526756,55.34955,input,track,joystick_x,0
19728.558816,55.381478,input,track,joystick_x,0
19728.593582,55.416384,input,track,joystick_x,0
19728.626351,55.449186,input,track,joystick_x,0
19728.659936,55.482788,input,track,joystick_x,0
19728.693034,55.51588,input,track,joystick_x,0
19728.726304,55.549175,input,track,joystick_x,0
19728.760177,55.582995,input,track,joystick_x,0
19728.793185,55.615952,input,track,joystick_x,0
19728.826592,55.649445,input,track,joystick_x,0
19728.860058,55.682908,input,track,joystick_x,0
19728.89265,55.715505,input,track,joystick_x,0
19728.926372,55.749206,input,track,joystick_x,0
19728.959569,55.78243,input,track,joystick_x,0
19728.992815,55.815661,input,track,joystick_x,0
19729.02558,55.84846,input,track,joystick_x,0
19729.059694,55.88248,input,track,joystick_x,0
19729.09311,55.915938,input,track,joystick_x,0
19729.125672,55.948534,input,track,joystick_x,0
19729.159039,55.98187,input,track,joystick_x,0
19729.192316,56.015164,input,track,joystick_x,0
19729.225883,56.04873,input,track,joystick_x,0
19729.259137,56.081971,input,track,joystick_x,0
19729.292172,56.115014,input,track,joystick_x,0
19729.326123,56.148934,input,track,joystick_x,0
19729.359078,56.18191,input,track,joystick_x,0
19729.392645,56.215471,input,track,joystick_x,0
19729.425376,56.2482,input,track,joystick_x,0
19729.457649,56.280503,input,track,joystick_x,0
19729.492517,56.315352,input,track,joystick_x,0
19729.525534,56.34833,input,track,joystick_x,0
19729.559102,56.38193,input,track,joystick_x,0
19729.592588,56.415389,input,track,joystick_x,0
19729.625843,56.448689,input,track,joystick_x,0
19729.658637,56.481492,input,track,joystick_x,0
19729.691378,56.514162,input,track,joystick_x,0
19729.724276,56.547124,input,track,joystick_x,0
19729.758812,56.581629,input,track,joystick_x,0
19729.792077,56.614925,input,track,joystick_x,0
19729.825039,56.647891,input,track,joystick_x,0
19729.858279,56.681096,input,track,joystick_x,0
19729.891823,56.714667,input,track,joystick_x,0
19729.92542,56.748261,input,track,joystick_x,0
19729.958525,56.781386,input,track,joystick_x,0
19729.991434,56.814272,input,track,joystick_x,0
19730.025458,56.848299,input,track,joystick_x,0
19730.058753,56.881592,input,track,joystick_x,0
19730.091505,56.91432,input,track,joystick_x,0
19730.125341,56.948175,input,track,joystick_x,0
19730.158872,56.981715,input,track,joystick_x,0
19730.190913,57.013789,input,track,joystick_x,0
19730.225202,57.048061,input,track,joystick_x,0
19730.258386,57.081201,input,track,joystick_x,0
19730.290715,57.113593,input,track,joystick_x,0
19730.325092,57.147937,input,track,joystick_x,0
19730.358021,57.180873,input,track,joystick_x,0
19730.391066,57.213927,input,track,joystick_x,0
19730.424908,57.247714,input,track,joystick_x,0
19730.457406,57.280257,input,track,joystick_x,0
19730.491108,57.313938,input,track,joystick_x,0
19730.524569,57.347408,input,track,joystick_x,0
19730.55818,57.380923,input,track,joystick_x,0
19730.59106,57.413855,input,track,joystick_x,0
19730.624048,57.446918,input,track,joystick_x,0
19730.657789,57.480659,input,track,joystick_x,0
19730.690764,57.5136,input,track,joystick_x,0
19730.72461,57.547426,input,track,joystick_x,0
19730.757963,57.580765,input,track,joystick_x,0
19730.790891,57.613719,input,track,joystick_x,0
19730.824311,57.647149,input,track,joystick_x,0
19730.857624,57.680476,input,track,joystick_x,0
19730.890811,57.713652,input,track,joystick_x,0
19730.924167,57.746993,input,track,joystick_x,0
19730.957683,57.780523,input,track,joystick_x,0
19730.990283,57.813175,input,track,joystick_x,0
19731.023718,57.846581,input,track,joystick_x,0
19731.057347,57.880178,input,track,joystick_x,0
19731.090948,57.913775,input,track,joystick_x,0
19731.124134,57.946976,input,track,joystick_x,0
19731.157382,57.980202,input,track,joystick_x,0
19731.190591,58.013439,input,track,joystick_x,0
19731.223941,58.046774,input,track,joystick_x,0
19731.257041,58.07989,input,track,joystick_x,0
19731.29039,58.113148,input,track,joystick_x,0
19731.323754,58.146602,input,track,joystick_x,0
19731.357267,58.180095,input,track,joystick_x,0
19731.390386,58.213204,input,track,joystick_x,0
19731.423972,58.246798,input,track,joystick_x,0
19731.456382,58.279239,input,track,joystick_x,0
19731.490553,58.313395,input,track,joystick_x,0
19731.523708,58.346517,input,track,joystick_x,0
19731.555065,58.37789,input,track,joystick_x,0
19731.590605,58.413448,input,track,joystick_x,0
19731.623524,58.446343,input,track,joystick_x,0
19731.6567,58.479561,input,track,joystick_x,0
19731.689843,58.512686,input,track,joystick_x,0
19731.724879,58.546249,input,track,joystick_x,0
19731.75669,58.579524,input,track,joystick_x,0
19731.790518,58.613336,input,track,joystick_x,0
19731.82354,58.646392,input,track,joystick_x,0
19731.856274,58.679119,input,track,joystick_x,0
19731.889724,58.712619,input,track,joystick_x,0
19731.923373,58.746195,input,track,joystick_x,0
19731.95615,58.77902,input,track,joystick_x,0
19731.99035,58.813212,input,track,joystick_x,0
19732.023105,58.845989,input,track,joystick_x,0
19732.056237,58.879111,input,track,joystick_x,0
19732.089855,58.912724,input,track,joystick_x,0
19732.123074,58.945948,input,track,joystick_x,0
19732.156284,58.979153,input,track,joystick_x,0
19732.189673,59.012526,input,track,joystick_x,0
19732.222803,59.045673,input,track,joystick_x,0
19732.256307,59.079182,input,track,joystick_x,0
19732.289485,59.11233,input,track,joystick_x,0
19732.322389,59.145275,input,track,joystick_x,0
19732.355863,59.178731,input,track,joystick_x,0
19732.389691,59.212549,input,track,joystick_x,0
19732.422599,59.245455,input,track,joystick_x,0
19732.456026,59.278881,input,track,joystick_x,0
19732.489319,59.312144,input,track,joystick_x,0
19732.522515,59.345377,input,track,joystick_x,0
19732.55566,59.378502,input,track,joystick_x,0
19732.589433,59.412287,input,track,joystick_x,0
19732.622813,59.445657,input,track,joystick_x,0
19732.656212,59.479076,input,track,joystick_x,0
19732.68865,59.511504,input,track,joystick_x,0
19732.721927,59.544785,input,track,joystick_x,0
19732.756307,59.579147,input,track,joystick_x,0
19732.789614,59.612454,input,track,joystick_x,0
19732.822507,59.645377,input,track,joystick_x,0
19732.855714,59.67855,input,track,joystick_x,0
19732.889386,59.712228,input,track,joystick_x,0
19732.922496,59.745347,input,track,joystick_x,0
19732.955655,59.778474,input,track,joystick_x,0
19732.989248,59.812094,input,track,joystick_x,0
19733.022122,59.844969,input,track,joystick_x,0
19733.055586,59.878439,input,track,joystick_x,0
19733.08879,59.911625,input,track,joystick_x,0
19733.122531,59.945385,input,track,joystick_x,0
19733.155835,59.978664,input,track,joystick_x,0
19733.188794,60.011611,input,track,joystick_x,0
