19738.575392,0.191847,input,track,joystick_x,0
19738.579336,0.201076,input,track,joystick_x,0
19738.612321,0.234198,input,track,joystick_x,0
19738.638107,0.258561,input,track,joystick_x,0
19738.661911,0.283181,input,track,joystick_x,0
19741.342568,0.31421,input,track,joystick_x,0
19741.380097,0.351802,input,track,joystick_x,0
19741.46505,0.436231,input,track,joystick_x,0
19741.495466,0.467074,input,track,joystick_x,0
19741.529084,0.500916,input,track,joystick_x,0
19741.565891,0.537475,input,track,joystick_x,0
19741.598606,0.570309,input,track,joystick_x,0
19741.628421,0.600104,input,track,joystick_x,0
19741.664369,0.636081,input,track,joystick_x,0
19741.697045,0.668721,input,track,joystick_x,0
19741.731086,0.702649,input,track,joystick_x,0
19741.764236,0.736018,input,track,joystick_x,0
19741.79718,0.768937,input,track,joystick_x,0
19741.831291,0.802974,input,track,joystick_x,0
19741.864412,0.836056,input,track,joystick_x,0
19741.897985,0.869541,input,track,joystick_x,0
19741.931418,0.903129,input,track,joystick_x,0
19741.964411,0.936086,input,track,joystick_x,0
19741.997841,0.969615,input,track,joystick_x,-0.027451
19742.028003,0.999866,input,track,joystick_x,-0.082353
19742.063917,1.035618,input,track,joystick_x,-0.2
19742.097478,1.069264,input,track,joystick_x,-0.356863
19742.130948,1.102615,input,track,joystick_x,-0.396078
19742.163772,1.135447,input,track,joystick_x,-0.396078
19742.197447,1.169114,input,track,joystick_x,-0.47451
19742.230662,1.202294,input,track,joystick_x,-0.654902
19742.264308,1.236082,input,track,joystick_x,-0.866667
19742.29682,1.268556,input,track,joystick_x,-0.984314
19742.329955,1.301692,input,track,joystick_x,-1.0
19742.363922,1.335573,input,track,joystick_x,-1.0
19742.397527,1.369117,input,track,joystick_x,-1.0
19742.430377,1.40211,input,track,joystick_x,-1.0
19742.46405,1.435813,input,track,joystick_x,-1.0
19742.496829,1.468556,input,track,joystick_x,-1.0
19742.529791,1.501563,input,track,joystick_x,-1.0
19742.563706,1.535271,input,track,joystick_x,-1.0
19742.596858,1.568598,input,track,joystick_x,-1.0
19742.630023,1.601702,input,track,joystick_x,-1.0
19742.663658,1.635302,input,track,joystick_x,-1.0
19742.696668,1.668433,input,track,joystick_x,-1.0
19742.730335,1.701871,input,track,joystick_x,-1.0
19742.763398,1.735099,input,track,joystick_x,-1.0
19742.797809,1.769543,input,track,joystick_x,-1.0
19742.830004,1.801785,input,track,joystick_x,-1.0
19742.863296,1.835016,input,track,joystick_x,-1.0
19742.896619,1.868299,input,track,joystick_x,-1.0
19742.93052,1.902241,input,track,joystick_x,-1.0
19742.963459,1.935121,input,track,joystick_x,-1.0
19742.996527,1.968315,input,track,joystick_x,-1.0
19743.030832,2.001847,input,track,joystick_x,-1.0
19743.062847,2.034481,input,track,joystick_x,-1.0
19743.096388,2.06802,input,track,joystick_x,-1.0
19743.130514,2.102148,input,track,joystick_x,-1.0
19743.162442,2.134241,input,track,joystick_x,-1.0
19743.196622,2.168177,input,track,joystick_x,-1.0
19743.230468,2.202012,input,track,joystick_x,-1.0
19743.263926,2.235382,input,track,joystick_x,-1.0
19743.294609,2.266397,input,track,joystick_x,-1.0
19743.329209,2.300969,input,track,joystick_x,-1.0
19743.362818,2.334451,input,track,joystick_x,-1.0
19743.395315,2.366919,input,track,joystick_x,-1.0
19743.428352,2.400137,input,track,joystick_x,-1.0
19743.460367,2.431856,input,track,joystick_x,-1.0
19743.49391,2.465542,input,track,joystick_x,-1.0
19743.527603,2.499392,input,track,joystick_x,-1.0
19743.562933,2.534611,input,track,joystick_x,-1.0
19743.595496,2.567277,input,track,joystick_x,-1.0
19743.629134,2.600921,input,track,joystick_x,-1.0
19743.662513,2.634127,input,track,joystick_x,-1.0
19743.695283,2.667041,input,track,joystick_x,-0.992157
19743.729167,2.700753,input,track,joystick_x,-0.976471
19743.762226,2.733952,input,track,joystick_x,-0.976471
19743.79528,2.766947,input,track,joystick_x,-0.976471
19743.82837,2.800032,input,track,joystick_x,-0.976471
19743.862173,2.833928,input,track,joystick_x,-0.976471
19743.895144,2.86682,input,track,joystick_x,-0.976471
19743.928502,2.900248,input,track,joystick_x,-0.976471
19743.961769,2.933377,input,track,joystick_x,-0.976471
19743.995226,2.966911,input,track,joystick_x,-0.976471
19744.029195,3.000307,input,track,joystick_x,-0.976471
19744.062557,3.034255,input,track,joystick_x,-0.976471
19744.095349,3.067104,input,track,joystick_x,-0.976471
19744.128713,3.100516,input,track,joystick_x,-0.992157
19744.161676,3.13344,input,track,joystick_x,-0.976471
19744.194495,3.1663,input,track,joystick_x,-0.976471
19744.228074,3.199723,input,track,joystick_x,-0.976471
19744.261719,3.233508,input,track,joystick_x,-0.976471
19744.293873,3.265644,input,track,joystick_x,-0.976471
19744.327926,3.299582,input,track,joystick_x,-0.976471
19744.36263,3.334161,input,track,joystick_x,-0.945098
19744.396509,3.368037,input,track,joystick_x,-0.913725
19744.4285,3.40024,input,track,joystick_x,-0.85098
19744.462421,3.43397,input,track,joystick_x,-0.835294
19744.494929,3.46658,input,track,joystick_x,-0.835294
19744.528639,3.500355,input,track,joystick_x,-0.835294
19744.563088,3.5347,input,track,joystick_x,-0.835294
19744.595241,3.566886,input,track,joystick_x,-0.835294
19744.628897,3.600672,input,track,joystick_x,-0.835294
19744.662231,3.633838,input,track,joystick_x,-0.835294
19744.695415,3.667134,input,track,joystick_x,-0.85098
19744.728772,3.700325,input,track,joystick_x,-0.882353
19744.761485,3.73315,input,track,joystick_x,-0.929412
19744.794968,3.766525,input,track,joystick_x,-0.960784
19744.825631,3.797365,input,track,joystick_x,-0.960784
19744.858929,3.830714,input,track,joystick_x,-0.960784
19744.893036,3.864737,input,track,joystick_x,-0.960784
19744.928338,3.899966,input,track,joystick_x,-0.960784
19744.960696,3.932353,input,track,joystick_x,-0.960784
19744.994066,3.965801,input,track,joystick_x,-0.960784
19745.027297,3.99905,input,track,joystick_x,-0.945098
19745.060166,4.0319,input,track,joystick_x,-0.913725
19745.094543,4.066336,input,track,joystick_x,-0.85098
19745.127754,4.099427,input,track,joystick_x,-0.788235
19745.160414,4.13219,input,track,joystick_x,-0.788235
19745.193988,4.165779,input,track,joystick_x,-0.788235
19745.227494,4.199121,input,track,joystick_x,-0.788235
19745.259078,4.230839,input,track,joystick_x,-0.788235
19745.292976,4.264694,input,track,joystick_x,-0.788235
19745.326872,4.298626,input,track,joystick_x,-0.788235
19745.360319,4.33207,input,track,joystick_x,-0.788235
19745.393802,4.365359,input,track,joystick_x,-0.788235
19745.427737,4.399365,input,track,joystick_x,-0.788235
19745.460362,4.432068,input,track,joystick_x,-0.788235
19745.493623,4.465354,input,track,joystick_x,-0.788235
19745.527056,4.49876,input,track,joystick_x,-0.788235
19745.560816,4.532469,input,track,joystick_x,-0.788235
19745.593543,4.565258,input,track,joystick_x,-0.788235
19745.627339,4.598926,input,track,joystick_x,-0.788235
19745.660027,4.631817,input,track,joystick_x,-0.788235
19745.693598,4.665355,input,track,joystick_x,-0.788235
19745.727135,4.69874,input,track,joystick_x,-0.788235
19745.760159,4.731893,input,track,joystick_x,-0.788235
19745.793248,4.764912,input,track,joystick_x,-0.788235
19745.826337,4.798084,input,track,joystick_x,-0.788235
19745.859638,4.83138,input,track,joystick_x,-0.788235
19745.893491,4.865144,input,track,joystick_x,-0.788235
19745.9269,4.898651,input,track,joystick_x,-0.788235
19745.959814,4.9315,input,track,joystick_x,-0.788235
19745.992706,4.96445,input,track,joystick_x,-0.788235
19746.026801,4.998589,input,track,joystick_x,-0.772549
19746.059765,5.031428,input,track,joystick_x,-0.741176
19746.093006,5.064738,input,track,joystick_x,-0.678431
19746.126425,5.098243,input,track,joystick_x,-0.584314
19746.159769,5.131543,input,track,joystick_x,-0.443137
19746.193179,5.16488,input,track,joystick_x,-0.286275
19746.226595,5.198276,input,track,joystick_x,-0.145098
19746.259568,5.2313,input,track,joystick_x,-0.113725
19746.292157,5.263893,input,track,joystick_x,-0.129412
19746.326255,5.297962,input,track,joystick_x,-0.113725
19746.359648,5.331344,input,track,joystick_x,-0.098039
19746.392804,5.364475,input,track,joystick_x,-0.019608
19746.425951,5.397739,input,track,joystick_x,-0.003922
19746.459548,5.431257,input,track,joystick_x,-0.003922
19746.492511,5.464289,input,track,joystick_x,-0.003922
19746.526161,5.497918,input,track,joystick_x,-0.003922
19746.559077,5.530767,input,track,joystick_x,-0.003922
19746.592855,5.564546,input,track,joystick_x,-0.003922
19746.626224,5.597993,input,track,joystick_x,-0.003922
19746.659552,5.63132,input,track,joystick_x,-0.003922
19746.692413,5.664145,input,track,joystick_x,-0.003922
19746.725283,5.696985,input,track,joystick_x,-0.003922
19746.75988,5.731621,input,track,joystick_x,-0.003922
19746.793078,5.764837,input,track,joystick_x,-0.003922
19746.825405,5.797128,input,track,joystick_x,-0.003922
19746.860302,5.832007,input,track,joystick_x,-0.003922
19746.892356,5.864026,input,track,joystick_x,-0.003922
19746.925505,5.897238,input,track,joystick_x,-0.003922
19746.959316,5.931098,input,track,joystick_x,-0.003922
19746.992573,5.964372,input,track,joystick_x,-0.003922
19747.023263,5.995099,input,track,joystick_x,-0.003922
19747.059797,6.031504,input,track,joystick_x,-0.003922
19747.09263,6.064304,input,track,joystick_x,-0.003922
19747.125164,6.096931,input,track,joystick_x,-0.003922
19747.158354,6.130072,input,track,joystick_x,-0.003922
19747.192603,6.164384,input,track,joystick_x,-0.003922
19747.225471,6.197061,input,track,joystick_x,-0.003922
19747.258905,6.230719,input,track,joystick_x,-0.019608
19747.29221,6.263911,input,track,joystick_x,-0.05098
19747.325043,6.296777,input,track,joystick_x,-0.129412
19747.360352,6.331847,input,track,joystick_x,-0.254902
19747.393492,6.365131,input,track,joystick_x,-0.364706
19747.426256,6.397952,input,track,joystick_x,-0.47451
19747.459725,6.431515,input,track,joystick_x,-0.47451
19747.492425,6.464112,input,track,joystick_x,-0.47451
19747.525772,6.497462,input,track,joystick_x,-0.47451
19747.558965,6.530641,input,track,joystick_x,-0.47451
19747.592743,6.564522,input,track,joystick_x,-0.47451
19747.625933,6.59759,input,track,joystick_x,-0.47451
19747.658941,6.630625,input,track,joystick_x,-0.47451
19747.692243,6.663909,input,track,joystick_x,-0.47451
19747.72571,6.697226,input,track,joystick_x,-0.47451
19747.759014,6.73072,input,track,joystick_x,-0.47451
19747.791579,6.763258,input,track,joystick_x,-0.47451
19747.825515,6.797201,input,track,joystick_x,-0.47451
19747.858965,6.830705,input,track,joystick_x,-0.47451
19747.892575,6.864263,input,track,joystick_x,-0.490196
19747.925443,6.897085,input,track,joystick_x,-0.505882
19747.958808,6.930545,input,track,joystick_x,-0.552941
19747.992403,6.964078,input,track,joystick_x,-0.584314
19748.025166,6.996829,input,track,joystick_x,-0.615686
19748.058472,7.030085,input,track,joystick_x,-0.678431
19748.092059,7.063716,input,track,joystick_x,-0.694118
19748.12561,7.097376,input,track,joystick_x,-0.694118
19748.158838,7.130539,input,track,joystick_x,-0.678431
19748.192004,7.163692,input,track,joystick_x,-0.678431
19748.225019,7.196579,input,track,joystick_x,-0.678431
19748.258669,7.230372,input,track,joystick_x,-0.694118
19748.291719,7.263406,input,track,joystick_x,-0.678431
19748.324944,7.296532,input,track,joystick_x,-0.678431
19748.358394,7.330059,input,track,joystick_x,-0.678431
19748.39218,7.36379,input,track,joystick_x,-0.678431
19748.424533,7.39632,input,track,joystick_x,-0.678431
19748.458137,7.429807,input,track,joystick_x,-0.678431
19748.491348,7.463049,input,track,joystick_x,-0.678431
19748.525046,7.496678,input,track,joystick_x,-0.678431
19748.555708,7.527491,input,track,joystick_x,-0.678431
19748.591479,7.563108,input,track,joystick_x,-0.678431
19748.625389,7.597003,input,track,joystick_x,-0.678431
19748.657857,7.629478,input,track,joystick_x,-0.678431
19748.691474,7.66307,input,track,joystick_x,-0.678431
19748.725216,7.696806,input,track,joystick_x,-0.678431
19748.758093,7.729708,input,track,joystick_x,-0.678431
19748.79132,7.762972,input,track,joystick_x,-0.678431
19748.824539,7.796244,input,track,joystick_x,-0.678431
19748.857852,7.829508,input,track,joystick_x,-0.678431
19748.891143,7.862738,input,track,joystick_x,-0.678431
19748.92491,7.896525,input,track,joystick_x,-0.678431
19748.958269,7.92984,input,track,joystick_x,-0.678431
19748.990687,7.96244,input,track,joystick_x,-0.678431
19749.025082,7.996658,input,track,joystick_x,-0.678431
19749.057304,8.028888,input,track,joystick_x,-0.678431
19749.090973,8.062673,input,track,joystick_x,-0.678431
19749.12459,8.096314,input,track,joystick_x,-0.678431
19749.157628,8.129357,input,track,joystick_x,-0.678431
19749.190639,8.162407,input,track,joystick_x,-0.678431
19749.224513,8.196025,input,track,joystick_x,-0.678431
19749.257668,8.229382,input,track,joystick_x,-0.678431
19749.290655,8.262347,input,track,joystick_x,-0.678431
19749.324176,8.295841,input,track,joystick_x,-0.662745
19749.357601,8.329245,input,track,joystick_x,-0.615686
19749.39049,8.362131,input,track,joystick_x,-0.568627
19749.423911,8.395686,input,track,joystick_x,-0.505882
19749.457307,8.428987,input,track,joystick_x,-0.458824
19749.490214,8.461879,input,track,joystick_x,-0.458824
19749.523793,8.495476,input,track,joystick_x,-0.458824
19749.558109,8.529794,input,track,joystick_x,-0.443137
19749.590477,8.562164,input,track,joystick_x,-0.443137
19749.623698,8.595361,input,track,joystick_x,-0.396078
19749.657426,8.629078,input,track,joystick_x,-0.34902
19749.690748,8.662458,input,track,joystick_x,-0.286275
19749.723919,8.695562,input,track,joystick_x,-0.239216
19749.757127,8.728839,input,track,joystick_x,-0.207843
19749.790195,8.761924,input,track,joystick_x,-0.176471
19749.823497,8.795245,input,track,joystick_x,-0.145098
19749.857092,8.828804,input,track,joystick_x,-0.098039
19749.890414,8.86209,input,track,joystick_x,-0.035294
19749.9232,8.894944,input,track,joystick_x,-0.003922
19749.957245,8.928963,input,track,joystick_x,-0.003922
19749.990264,8.961967,input,track,joystick_x,-0.003922
19750.024007,8.99565,input,track,joystick_x,-0.003922
19750.056601,9.028208,input,track,joystick_x,-0.003922
19750.090384,9.062099,input,track,joystick_x,-0.003922
19750.124138,9.095854,input,track,joystick_x,-0.003922
19750.156841,9.128444,input,track,joystick_x,-0.003922
19750.190146,9.161785,input,track,joystick_x,-0.003922
19750.223571,9.195177,input,track,joystick_x,-0.003922
19750.256668,9.228395,input,track,joystick_x,-0.003922
19750.289717,9.261281,input,track,joystick_x,-0.003922
19750.323374,9.295073,input,track,joystick_x,-0.003922
19750.356481,9.328251,input,track,joystick_x,-0.003922
19750.390414,9.361986,input,track,joystick_x,-0.003922
19750.423015,9.394675,input,track,joystick_x,-0.003922
19750.456175,9.427816,input,track,joystick_x,-0.003922
19750.489973,9.461616,input,track,joystick_x,-0.003922
19750.522765,9.494429,input,track,joystick_x,-0.003922
19750.555918,9.527586,input,track,joystick_x,-0.003922
19750.589751,9.561451,input,track,joystick_x,-0.003922
19750.623083,9.594741,input,track,joystick_x,-0.003922
19750.656337,9.628093,input,track,joystick_x,-0.003922
19750.690007,9.661671,input,track,joystick_x,-0.003922
19750.723471,9.695127,input,track,joystick_x,-0.003922
19750.755784,9.727472,input,track,joystick_x,-0.003922
19750.789659,9.761408,input,track,joystick_x,-0.003922
19750.823018,9.794712,input,track,joystick_x,-0.003922
19750.85585,9.827609,input,track,joystick_x,-0.003922
19750.890074,9.861686,input,track,joystick_x,-0.003922
19750.922906,9.894684,input,track,joystick_x,-0.003922
19750.956279,9.927981,input,track,joystick_x,-0.003922
19750.989196,9.960961,input,track,joystick_x,-0.003922
19751.022832,9.994445,input,track,joystick_x,-0.003922
19751.055569,10.027131,input,track,joystick_x,-0.003922
19751.088959,10.060677,input,track,joystick_x,-0.003922
19751.12294,10.094699,input,track,joystick_x,-0.003922
19751.156111,10.127781,input,track,joystick_x,-0.003922
19751.188883,10.160637,input,track,joystick_x,-0.003922
19751.219357,10.191043,input,track,joystick_x,-0.003922
19751.253535,10.225178,input,track,joystick_x,-0.003922
19751.287545,10.258896,input,track,joystick_x,-0.003922
19751.319193,10.290988,input,track,joystick_x,-0.003922
19751.352833,10.324576,input,track,joystick_x,-0.003922
19751.385598,10.357355,input,track,joystick_x,-0.003922
19751.422406,10.394085,input,track,joystick_x,-0.003922
19751.453735,10.425548,input,track,joystick_x,-0.003922
19751.488786,10.460543,input,track,joystick_x,-0.003922
19751.522528,10.494142,input,track,joystick_x,-0.003922
19751.55604,10.527603,input,track,joystick_x,-0.003922
19751.588363,10.560044,input,track,joystick_x,-0.003922
19751.621967,10.593635,input,track,joystick_x,-0.003922
19751.655536,10.627141,input,track,joystick_x,-0.003922
19751.689229,10.660836,input,track,joystick_x,-0.003922
19751.722302,10.693905,input,track,joystick_x,-0.003922
19751.755202,10.726886,input,track,joystick_x,-0.003922
19751.788455,10.7601,input,track,joystick_x,-0.003922
19751.822167,10.793787,input,track,joystick_x,-0.003922
19751.85507,10.826737,input,track,joystick_x,-0.003922
19751.888523,10.86007,input,track,joystick_x,-0.003922
19751.921761,10.89344,input,track,joystick_x,-0.003922
19751.955018,10.926733,input,track,joystick_x,-0.003922
19751.988704,10.960393,input,track,joystick_x,-0.003922
19752.021793,10.993482,input,track,joystick_x,-0.003922
19752.054912,11.026446,input,track,joystick_x,-0.003922
19752.088316,11.059981,input,track,joystick_x,-0.003922
19752.121835,11.093477,input,track,joystick_x,-0.003922
19752.155346,11.127,input,track,joystick_x,-0.003922
19752.188466,11.160045,input,track,joystick_x,-0.003922
19752.221155,11.192824,input,track,joystick_x,-0.003922
19752.255326,11.226977,input,track,joystick_x,-0.003922
19752.285661,11.257557,input,track,joystick_x,-0.003922
19752.321101,11.292786,input,track,joystick_x,-0.003922
19752.355006,11.326679,input,track,joystick_x,-0.003922
19752.387804,11.359364,input,track,joystick_x,-0.003922
19752.421021,11.39276,input,track,joystick_x,-0.003922
19752.454804,11.426516,input,track,joystick_x,-0.003922
19752.487504,11.45923,input,track,joystick_x,-0.003922
19752.521569,11.493017,input,track,joystick_x,-0.003922
19752.554239,11.525876,input,track,joystick_x,-0.003922
19752.587154,11.558931,input,track,joystick_x,-0.003922
19752.620084,11.591899,input,track,joystick_x,-0.003922
19752.653478,11.62531,input,track,joystick_x,-0.003922
19752.686788,11.658541,input,track,joystick_x,-0.003922
19752.720185,11.691826,input,track,joystick_x,-0.003922
19752.753441,11.72523,input,track,joystick_x,-0.003922
19752.78599,11.757745,input,track,joystick_x,-0.003922
19752.819491,11.791234,input,track,joystick_x,-0.003922
19752.853277,11.825,input,track,joystick_x,-0.003922
19752.886932,11.85853,input,track,joystick_x,-0.003922
19752.919638,11.891376,input,track,joystick_x,-0.003922
19752.953082,11.924805,input,track,joystick_x,-0.003922
19752.986639,11.958434,input,track,joystick_x,-0.003922
19753.019967,11.991621,input,track,joystick_x,-0.003922
19753.052882,12.02458,input,track,joystick_x,-0.003922
19753.085777,12.057474,input,track,joystick_x,-0.003922
19753.119485,12.091266,input,track,joystick_x,-0.003922
19753.152777,12.124536,input,track,joystick_x,-0.003922
19753.186457,12.158259,input,track,joystick_x,0.011765
19753.219812,12.191398,input,track,joystick_x,0.011765
19753.253158,12.224871,input,track,joystick_x,0.011765
19753.286045,12.257821,input,track,joystick_x,0.035294
19753.318377,12.29021,input,track,joystick_x,0.035294
19753.352882,12.324641,input,track,joystick_x,0.07451
19753.386297,12.3579,input,track,joystick_x,0.152941
19753.41927,12.391024,input,track,joystick_x,0.207843
19753.452506,12.424238,input,track,joystick_x,0.294118
19753.486033,12.457792,input,track,joystick_x,0.333333
19753.518535,12.490178,input,track,joystick_x,0.372549
19753.55305,12.524732,input,track,joystick_x,0.388235
19753.58641,12.558146,input,track,joystick_x,0.388235
19753.619298,12.591009,input,track,joystick_x,0.388235
19753.652641,12.624378,input,track,joystick_x,0.388235
19753.686257,12.657963,input,track,joystick_x,0.388235
19753.719378,12.691033,input,track,joystick_x,0.388235
19753.752497,12.724233,input,track,joystick_x,0.388235
19753.785464,12.757219,input,track,joystick_x,0.388235
19753.819181,12.790915,input,track,joystick_x,0.388235
19753.852954,12.824713,input,track,joystick_x,0.388235
19753.885955,12.857567,input,track,joystick_x,0.372549
19753.918889,12.890632,input,track,joystick_x,0.372549
19753.951734,12.92346,input,track,joystick_x,0.372549
19753.985794,12.957566,input,track,joystick_x,0.372549
19754.026011,12.997467,input,track,joystick_x,0.372549
19754.055035,13.026358,input,track,joystick_x,0.34902
19754.086637,13.058006,input,track,joystick_x,0.333333
19754.118275,13.089942,input,track,joystick_x,0.333333
19754.151806,13.123449,input,track,joystick_x,0.309804
19754.185299,13.156934,input,track,joystick_x,0.309804
19754.218746,13.190376,input,track,joystick_x,0.309804
19754.251693,13.223348,input,track,joystick_x,0.309804
19754.284949,13.256552,input,track,joystick_x,0.309804
19754.318144,13.289688,input,track,joystick_x,0.309804
19754.351661,13.323295,input,track,joystick_x,0.333333
19754.38468,13.356274,input,track,joystick_x,0.333333
19754.418332,13.389933,input,track,joystick_x,0.333333
19754.451608,13.423195,input,track,joystick_x,0.333333
19754.485146,13.456679,input,track,joystick_x,0.333333
19754.518581,13.490201,input,track,joystick_x,0.34902
19754.55187,13.523558,input,track,joystick_x,0.34902
19754.58497,13.556548,input,track,joystick_x,0.34902
19754.618154,13.589811,input,track,joystick_x,0.34902
19754.653323,13.624634,input,track,joystick_x,0.34902
19754.686329,13.657999,input,track,joystick_x,0.34902
19754.719645,13.691343,input,track,joystick_x,0.34902
19754.752866,13.724545,input,track,joystick_x,0.34902
19754.785384,13.756982,input,track,joystick_x,0.34902
19754.818979,13.790575,input,track,joystick_x,0.34902
19754.852898,13.824573,input,track,joystick_x,0.34902
19754.885547,13.857138,input,track,joystick_x,0.34902
19754.918787,13.890476,input,track,joystick_x,0.34902
19754.952082,13.923736,input,track,joystick_x,0.34902
19754.985705,13.957307,input,track,joystick_x,0.34902
19755.019184,13.990883,input,track,joystick_x,0.34902
19755.052394,14.02414,input,track,joystick_x,0.34902
19755.085666,14.057315,input,track,joystick_x,0.34902
19755.11858,14.09024,input,track,joystick_x,0.34902
19755.151856,14.123392,input,track,joystick_x,0.34902
19755.185585,14.157227,input,track,joystick_x,0.34902
19755.218846,14.190651,input,track,joystick_x,0.34902
19755.251632,14.223283,input,track,joystick_x,0.34902
19755.286515,14.258127,input,track,joystick_x,0.34902
19755.318725,14.289846,input,track,joystick_x,0.34902
19755.351687,14.323295,input,track,joystick_x,0.34902
19755.385676,14.357314,input,track,joystick_x,0.34902
19755.417105,14.388837,input,track,joystick_x,0.34902
19755.451088,14.422813,input,track,joystick_x,0.34902
19755.481551,14.453338,input,track,joystick_x,0.34902
19755.516708,14.488331,input,track,joystick_x,0.34902
19755.54894,14.520588,input,track,joystick_x,0.34902
19755.582337,14.554,input,track,joystick_x,0.34902
19755.615618,14.587305,input,track,joystick_x,0.34902
19755.648543,14.620448,input,track,joystick_x,0.34902
19755.685578,14.657224,input,track,joystick_x,0.34902
19755.718003,14.689648,input,track,joystick_x,0.34902
19755.752075,14.723108,input,track,joystick_x,0.34902
19755.785424,14.756998,input,track,joystick_x,0.34902
19755.817862,14.78958,input,track,joystick_x,0.34902
19755.850835,14.822599,input,track,joystick_x,0.34902
19755.884956,14.856643,input,track,joystick_x,0.34902
19755.918241,14.889293,input,track,joystick_x,0.34902
19755.95129,14.923025,input,track,joystick_x,0.34902
19755.984681,14.956249,input,track,joystick_x,0.34902
19756.017857,14.989491,input,track,joystick_x,0.34902
19756.050862,15.02262,input,track,joystick_x,0.34902
19756.085052,15.05608,input,track,joystick_x,0.34902
19756.117919,15.089566,input,track,joystick_x,0.34902
19756.150642,15.122334,input,track,joystick_x,0.34902
19756.184001,15.155699,input,track,joystick_x,0.34902
19756.21739,15.189007,input,track,joystick_x,0.34902
19756.251776,15.222939,input,track,joystick_x,0.34902
19756.287435,15.259219,input,track,joystick_x,0.34902
19756.317398,15.289106,input,track,joystick_x,0.34902
19756.350433,15.322197,input,track,joystick_x,0.34902
19756.384006,15.355752,input,track,joystick_x,0.34902
19756.417902,15.389116,input,track,joystick_x,0.34902
19756.450863,15.422475,input,track,joystick_x,0.34902
19756.48268,15.454473,input,track,joystick_x,0.34902
19756.517028,15.488677,input,track,joystick_x,0.34902
19756.550649,15.522303,input,track,joystick_x,0.34902
19756.584194,15.555404,input,track,joystick_x,0.34902
19756.61672,15.588389,input,track,joystick_x,0.34902
19756.650311,15.62207,input,track,joystick_x,0.427451
19756.683308,15.655107,input,track,joystick_x,0.513725
19756.717015,15.688686,input,track,joystick_x,0.568627
19756.750965,15.722105,input,track,joystick_x,0.592157
19756.783573,15.755256,input,track,joystick_x,0.607843
19756.817572,15.789079,input,track,joystick_x,0.607843
19756.850339,15.822059,input,track,joystick_x,0.607843
19756.883336,15.855006,input,track,joystick_x,0.607843
19756.917125,15.888362,input,track,joystick_x,0.607843
19756.950124,15.921897,input,track,joystick_x,0.607843
19756.983746,15.95546,input,track,joystick_x,0.607843
19757.016279,15.987942,input,track,joystick_x,0.607843
19757.049994,16.021691,input,track,joystick_x,0.607843
19757.084253,16.055389,input,track,joystick_x,0.607843
19757.11678,16.088534,input,track,joystick_x,0.592157
19757.150258,16.121923,input,track,joystick_x,0.592157
19757.183312,16.155107,input,track,joystick_x,0.592157
19757.217082,16.188663,input,track,joystick_x,0.592157
19757.250439,16.221564,input,track,joystick_x,0.592157
19757.283902,16.255449,input,track,joystick_x,0.592157
19757.316511,16.288269,input,track,joystick_x,0.592157
19757.347967,16.319632,input,track,joystick_x,0.592157
19757.383112,16.354762,input,track,joystick_x,0.592157
19757.417273,16.388454,input,track,joystick_x,0.592157
19757.44999,16.421635,input,track,joystick_x,0.592157
19757.482737,16.454438,input,track,joystick_x,0.592157
19757.516028,16.487748,input,track,joystick_x,0.592157
19757.549537,16.521299,input,track,joystick_x,0.592157
19757.583859,16.55503,input,track,joystick_x,0.592157
19757.616011,16.587772,input,track,joystick_x,0.529412
19757.650015,16.621717,input,track,joystick_x,0.490196
19757.682751,16.654409,input,track,joystick_x,0.490196
19757.716499,16.688232,input,track,joystick_x,0.466667
19757.749804,16.720962,input,track,joystick_x,0.466667
19757.782342,16.754142,input,track,joystick_x,0.490196
19757.816116,16.78782,input,track,joystick_x,0.466667
19757.849387,16.821095,input,track,joystick_x,0.490196
19757.882294,16.854082,input,track,joystick_x,0.490196
19757.916229,16.887452,input,track,joystick_x,0.490196
19757.949277,16.921075,input,track,joystick_x,0.490196
19757.982678,16.954411,input,track,joystick_x,0.490196
19758.015431,16.987305,input,track,joystick_x,0.490196
19758.049085,17.020781,input,track,joystick_x,0.490196
19758.082447,17.053697,input,track,joystick_x,0.490196
19758.115566,17.087255,input,track,joystick_x,0.490196
19758.148566,17.120228,input,track,joystick_x,0.529412
19758.18343,17.154956,input,track,joystick_x,0.568627
19758.215923,17.187649,input,track,joystick_x,0.647059
19758.249917,17.221165,input,track,joystick_x,0.686275
19758.283019,17.25473,input,track,joystick_x,0.686275
19758.315948,17.287583,input,track,joystick_x,0.709804
19758.348783,17.320469,input,track,joystick_x,0.709804
19758.382123,17.353791,input,track,joystick_x,0.709804
19758.41599,17.387216,input,track,joystick_x,0.709804
19758.448925,17.4206,input,track,joystick_x,0.709804
19758.482349,17.454175,input,track,joystick_x,0.686275
19758.517115,17.48867,input,track,joystick_x,0.686275
19758.548644,17.520414,input,track,joystick_x,0.607843
19758.582577,17.553814,input,track,joystick_x,0.607843
19758.615236,17.586896,input,track,joystick_x,0.607843
19758.649067,17.620729,input,track,joystick_x,0.631373
19758.681788,17.653472,input,track,joystick_x,0.647059
19758.715102,17.686784,input,track,joystick_x,0.670588
19758.749298,17.720464,input,track,joystick_x,0.709804
19758.78236,17.754073,input,track,joystick_x,0.811765
19758.814957,17.786635,input,track,joystick_x,0.890196
19758.848253,17.81997,input,track,joystick_x,0.929412
19758.881612,17.853296,input,track,joystick_x,0.929412
19758.915913,17.886979,input,track,joystick_x,0.929412
19758.948191,17.919787,input,track,joystick_x,0.929412
19758.981747,17.953378,input,track,joystick_x,0.929412
19759.014542,17.986342,input,track,joystick_x,0.929412
19759.04614,18.017957,input,track,joystick_x,0.929412
19759.082113,18.053346,input,track,joystick_x,0.929412
19759.114884,18.086539,input,track,joystick_x,0.929412
19759.147476,18.119214,input,track,joystick_x,0.929412
19759.18143,18.153192,input,track,joystick_x,0.929412
19759.214514,18.186272,input,track,joystick_x,0.929412
19759.248549,18.219522,input,track,joystick_x,0.929412
19759.281743,18.253335,input,track,joystick_x,0.929412
19759.314827,18.286469,input,track,joystick_x,0.929412
19759.347969,18.3196,input,track,joystick_x,0.929412
19759.380959,18.352583,input,track,joystick_x,0.929412
19759.414649,18.386166,input,track,joystick_x,0.929412
19759.44784,18.419483,input,track,joystick_x,0.929412
19759.481409,18.452987,input,track,joystick_x,0.929412
19759.513973,18.485725,input,track,joystick_x,0.929412
19759.548424,18.520113,input,track,joystick_x,0.929412
19759.581632,18.552644,input,track,joystick_x,0.929412
19759.614353,18.586098,input,track,joystick_x,0.929412
19759.64746,18.619117,input,track,joystick_x,0.929412
19759.680417,18.6521,input,track,joystick_x,0.929412
19759.714255,18.685906,input,track,joystick_x,0.929412
19759.748087,18.719252,input,track,joystick_x,0.929412
19759.780804,18.752304,input,track,joystick_x,0.929412
19759.814319,18.785965,input,track,joystick_x,0.929412
19759.84728,18.819018,input,track,joystick_x,0.929412
19759.880561,18.852251,input,track,joystick_x,0.929412
19759.914539,18.885671,input,track,joystick_x,0.929412
19759.947561,18.919164,input,track,joystick_x,0.929412
19759.980502,18.952226,input,track,joystick_x,0.929412
19760.013361,18.985088,input,track,joystick_x,0.929412
19760.04663,19.018326,input,track,joystick_x,0.929412
19760.081214,19.05246,input,track,joystick_x,0.929412
19760.11396,19.085578,input,track,joystick_x,0.929412
19760.147086,19.118741,input,track,joystick_x,0.929412
19760.180115,19.151826,input,track,joystick_x,0.929412
19760.213588,19.185239,input,track,joystick_x,0.929412
19760.24767,19.218724,input,track,joystick_x,0.929412
19760.280759,19.252406,input,track,joystick_x,0.929412
19760.313678,19.285396,input,track,joystick_x,0.929412
19760.346642,19.318357,input,track,joystick_x,0.929412
19760.380201,19.351958,input,track,joystick_x,0.929412
19760.414078,19.385327,input,track,joystick_x,0.905882
19760.446862,19.418565,input,track,joystick_x,0.905882
19760.480378,19.452118,input,track,joystick_x,0.905882
19760.512912,19.484622,input,track,joystick_x,0.905882
19760.546877,19.518614,input,track,joystick_x,0.905882
19760.580257,19.551825,input,track,joystick_x,0.905882
19760.613215,19.58496,input,track,joystick_x,0.905882
19760.646914,19.618561,input,track,joystick_x,0.905882
19760.68018,19.651857,input,track,joystick_x,0.929412
19760.713668,19.685389,input,track,joystick_x,0.929412
19760.747446,19.718577,input,track,joystick_x,0.929412
19760.779747,19.751462,input,track,joystick_x,0.929412
19760.813042,19.784714,input,track,joystick_x,0.929412
19760.846502,19.818235,input,track,joystick_x,0.929412
19760.879749,19.851483,input,track,joystick_x,0.929412
19760.913022,19.884712,input,track,joystick_x,0.929412
19760.946075,19.917712,input,track,joystick_x,0.929412
19760.980093,19.951841,input,track,joystick_x,0.929412
19761.010665,19.982449,input,track,joystick_x,0.929412
19761.047352,20.018361,input,track,joystick_x,0.929412
19781.077163,40.048871,input,track,joystick_x,-0.003922
19781.11099,40.082193,input,track,joystick_x,-0.003922
19781.143039,40.114935,input,track,joystick_x,-0.003922
19781.177232,40.148916,input,track,joystick_x,-0.003922
19781.210369,40.182154,input,track,joystick_x,-0.003922
19781.243894,40.215609,input,track,joystick_x,-0.003922
19781.277246,40.248778,input,track,joystick_x,-0.003922
19781.308342,40.279997,input,track,joystick_x,-0.003922
19781.341044,40.312897,input,track,joystick_x,-0.003922
19781.375481,40.347202,input,track,joystick_x,-0.003922
19781.408212,40.379815,input,track,joystick_x,-0.003922
19781.440958,40.412699,input,track,joystick_x,-0.003922
19781.474268,40.446016,input,track,joystick_x,-0.003922
19781.506753,40.478656,input,track,joystick_x,-0.003922
19781.543763,40.515482,input,track,joystick_x,-0.003922
19781.576509,40.548308,input,track,joystick_x,-0.003922
19781.610067,40.581816,input,track,joystick_x,-0.003922
19781.643829,40.615523,input,track,joystick_x,-0.003922
19781.676679,40.64847,input,track,joystick_x,-0.003922
19781.709962,40.681664,input,track,joystick_x,-0.003922
19781.742904,40.714532,input,track,joystick_x,-0.003922
19781.776044,40.747791,input,track,joystick_x,-0.003922
19781.809345,40.78102,input,track,joystick_x,-0.003922
19781.843404,40.815114,input,track,joystick_x,-0.003922
19781.877169,40.848823,input,track,joystick_x,-0.003922
19781.910017,40.881658,input,track,joystick_x,-0.003922
19781.942976,40.914698,input,track,joystick_x,-0.003922
19781.976459,40.948154,input,track,joystick_x,-0.003922
19782.010353,40.982009,input,track,joystick_x,-0.003922
19782.041287,41.012358,input,track,joystick_x,-0.003922
19782.076453,41.048257,input,track,joystick_x,-0.066667
19782.109993,41.081753,input,track,joystick_x,-0.176471
19782.142894,41.114678,input,track,joystick_x,-0.207843
19782.176401,41.148132,input,track,joystick_x,-0.301961
19782.209206,41.181061,input,track,joystick_x,-0.380392
19782.243186,41.214907,input,track,joystick_x,-0.396078
19782.276582,41.248252,input,track,joystick_x,-0.411765
19782.310089,41.281684,input,track,joystick_x,-0.47451
19782.343369,41.315201,input,track,joystick_x,-0.505882
19782.375534,41.347339,input,track,joystick_x,-0.568627
19782.409843,41.38166,input,track,joystick_x,-0.615686
19782.442886,41.414595,input,track,joystick_x,-0.615686
19782.476007,41.447788,input,track,joystick_x,-0.615686
19782.509033,41.480659,input,track,joystick_x,-0.615686
19782.542476,41.514286,input,track,joystick_x,-0.615686
19782.575023,41.54679,input,track,joystick_x,-0.615686
19782.609704,41.581162,input,track,joystick_x,-0.615686
19782.641818,41.613576,input,track,joystick_x,-0.615686
19782.675895,41.64767,input,track,joystick_x,-0.615686
19782.709461,41.681232,input,track,joystick_x,-0.615686
19782.742113,41.713953,input,track,joystick_x,-0.615686
19782.77583,41.747515,input,track,joystick_x,-0.6
19782.808127,41.779951,input,track,joystick_x,-0.6
19782.841805,41.813614,input,track,joystick_x,-0.6
19782.87536,41.847124,input,track,joystick_x,-0.584314
19782.908494,41.880142,input,track,joystick_x,-0.584314
19782.941957,41.913625,input,track,joystick_x,-0.584314
19782.97565,41.947403,input,track,joystick_x,-0.584314
19783.009131,41.980816,input,track,joystick_x,-0.584314
19783.042102,42.013287,input,track,joystick_x,-0.584314
19783.075175,42.046978,input,track,joystick_x,-0.584314
19783.108492,42.080111,input,track,joystick_x,-0.6
19783.14165,42.113413,input,track,joystick_x,-0.647059
19783.174976,42.146699,input,track,joystick_x,-0.72549
19783.208639,42.180296,input,track,joystick_x,-0.835294
19783.241573,42.213319,input,track,joystick_x,-0.945098
19783.275162,42.246793,input,track,joystick_x,-1.0
19783.307404,42.279231,input,track,joystick_x,-1.0
19783.341921,42.313696,input,track,joystick_x,-1.0
19783.374876,42.346637,input,track,joystick_x,-1.0
19783.408661,42.38038,input,track,joystick_x,-1.0
19783.441747,42.413374,input,track,joystick_x,-1.0
19783.474941,42.44677,input,track,joystick_x,-1.0
19783.50781,42.479571,input,track,joystick_x,-1.0
19783.541483,42.513286,input,track,joystick_x,-1.0
19783.574941,42.54668,input,track,joystick_x,-1.0
19783.608183,42.579854,input,track,joystick_x,-1.0
19783.641213,42.612947,input,track,joystick_x,-1.0
19783.675499,42.647214,input,track,joystick_x,-1.0
19783.708014,42.67963,input,track,joystick_x,-1.0
19783.741189,42.712989,input,track,joystick_x,-1.0
19783.774676,42.746293,input,track,joystick_x,-1.0
19783.806773,42.77856,input,track,joystick_x,-1.0
19783.841157,42.812895,input,track,joystick_x,-1.0
19783.874499,42.846306,input,track,joystick_x,-1.0
19783.907842,42.879555,input,track,joystick_x,-1.0
19783.940728,42.912383,input,track,joystick_x,-1.0
19783.974501,42.946191,input,track,joystick_x,-1.0
19784.007888,42.979694,input,track,joystick_x,-0.992157
19784.04131,43.012457,input,track,joystick_x,-0.992157
19784.074294,43.046026,input,track,joystick_x,-0.992157
19784.107703,43.079344,input,track,joystick_x,-0.992157
19784.140744,43.112509,input,track,joystick_x,-0.992157
19784.174049,43.145762,input,track,joystick_x,-0.992157
19784.207411,43.179193,input,track,joystick_x,-0.992157
19784.240505,43.212258,input,track,joystick_x,-0.945098
19784.274237,43.245923,input,track,joystick_x,-0.898039
19784.307153,43.278899,input,track,joystick_x,-0.85098
19784.340701,43.312484,input,track,joystick_x,-0.819608
19784.373697,43.345527,input,track,joystick_x,-0.819608
19784.407724,43.379436,input,track,joystick_x,-0.803922
19784.441094,43.412675,input,track,joystick_x,-0.796078
19784.473825,43.445494,input,track,joystick_x,-0.733333
19784.50745,43.479254,input,track,joystick_x,-0.733333
19784.540654,43.512452,input,track,joystick_x,-0.623529
19784.573927,43.545645,input,track,joystick_x,-0.6
19784.60714,43.578806,input,track,joystick_x,-0.6
19784.640825,43.612614,input,track,joystick_x,-0.6
19784.673643,43.645417,input,track,joystick_x,-0.6
19784.706776,43.67849,input,track,joystick_x,-0.6
19784.740433,43.712035,input,track,joystick_x,-0.6
19784.773542,43.745173,input,track,joystick_x,-0.6
19784.805406,43.777151,input,track,joystick_x,-0.6
19784.840124,43.811879,input,track,joystick_x,-0.6
19784.873256,43.845013,input,track,joystick_x,-0.6
19784.906536,43.878216,input,track,joystick_x,-0.6
19784.940262,43.911899,input,track,joystick_x,-0.6
19784.973732,43.945531,input,track,joystick_x,-0.6
19785.006851,43.978527,input,track,joystick_x,-0.6
19785.040644,44.011831,input,track,joystick_x,-0.6
19785.073841,44.045614,input,track,joystick_x,-0.6
19785.106881,44.078569,input,track,joystick_x,-0.6
19785.140196,44.111888,input,track,joystick_x,-0.6
19785.17361,44.145327,input,track,joystick_x,-0.6
19785.205742,44.177498,input,track,joystick_x,-0.6
19785.239799,44.211547,input,track,joystick_x,-0.6
19785.273384,44.244992,input,track,joystick_x,-0.6
19785.305522,44.277231,input,track,joystick_x,-0.6
19785.340008,44.311699,input,track,joystick_x,-0.6
19785.373166,44.344904,input,track,joystick_x,-0.6
19785.406099,44.37792,input,track,joystick_x,-0.6
19785.440004,44.411756,input,track,joystick_x,-0.6
19785.472839,44.444643,input,track,joystick_x,-0.6
19785.50722,44.478894,input,track,joystick_x,-0.6
19785.538696,44.510464,input,track,joystick_x,-0.6
19785.572553,44.544294,input,track,joystick_x,-0.6
19785.606523,44.578165,input,track,joystick_x,-0.6
19785.640851,44.612434,input,track,joystick_x,-0.6
19785.673083,44.644729,input,track,joystick_x,-0.584314
19785.706754,44.678477,input,track,joystick_x,-0.568627
19785.74006,44.711818,input,track,joystick_x,-0.552941
19785.773191,44.744817,input,track,joystick_x,-0.537255
19785.805621,44.777401,input,track,joystick_x,-0.521569
19785.83946,44.811111,input,track,joystick_x,-0.537255
19785.872632,44.844378,input,track,joystick_x,-0.537255
19785.90598,44.877785,input,track,joystick_x,-0.521569
19785.939351,44.911045,input,track,joystick_x,-0.521569
19785.973094,44.944793,input,track,joystick_x,-0.521569
19786.006004,44.977795,input,track,joystick_x,-0.521569
19786.039326,45.01061,input,track,joystick_x,-0.537255
19786.072464,45.044181,input,track,joystick_x,-0.537255
19786.110544,45.077889,input,track,joystick_x,-0.552941
19786.14043,45.111977,input,track,joystick_x,-0.568627
19786.172679,45.14447,input,track,joystick_x,-0.584314
19786.205671,45.177482,input,track,joystick_x,-0.607843
19786.239311,45.211109,input,track,joystick_x,-0.670588
19786.272302,45.244025,input,track,joystick_x,-0.701961
19786.30495,45.276697,input,track,joystick_x,-0.74902
19786.339721,45.311358,input,track,joystick_x,-0.764706
19786.372089,45.343944,input,track,joystick_x,-0.764706
19786.405516,45.377249,input,track,joystick_x,-0.764706
19786.439423,45.410969,input,track,joystick_x,-0.764706
19786.472273,45.444099,input,track,joystick_x,-0.780392
19786.506161,45.477908,input,track,joystick_x,-0.780392
19786.538797,45.510532,input,track,joystick_x,-0.780392
19786.57233,45.544144,input,track,joystick_x,-0.780392
19786.605611,45.57722,input,track,joystick_x,-0.780392
19786.638128,45.609836,input,track,joystick_x,-0.780392
19786.671398,45.6432,input,track,joystick_x,-0.796078
19786.705577,45.677354,input,track,joystick_x,-0.835294
19786.738266,45.710051,input,track,joystick_x,-0.882353
19786.772615,45.744331,input,track,joystick_x,-0.929412
19786.805304,45.777104,input,track,joystick_x,-1.0
19786.837866,45.80964,input,track,joystick_x,-1.0
19786.86998,45.841935,input,track,joystick_x,-1.0
19786.905607,45.8772,input,track,joystick_x,-1.0
19786.938325,45.909892,input,track,joystick_x,-1.0
19786.972307,45.943982,input,track,joystick_x,-1.0
19787.005114,45.976886,input,track,joystick_x,-1.0
19787.039039,46.010104,input,track,joystick_x,-1.0
19787.071691,46.04347,input,track,joystick_x,-1.0
19787.105035,46.076631,input,track,joystick_x,-1.0
19787.137854,46.109603,input,track,joystick_x,-1.0
19787.171677,46.14338,input,track,joystick_x,-1.0
19787.204626,46.176357,input,track,joystick_x,-1.0
19787.237616,46.209417,input,track,joystick_x,-1.0
19787.271396,46.243063,input,track,joystick_x,-1.0
19787.302065,46.273927,input,track,joystick_x,-1.0
19787.338621,46.310306,input,track,joystick_x,-1.0
19787.368738,46.340306,input,track,joystick_x,-1.0
19787.404687,46.376443,input,track,joystick_x,-1.0
19787.437567,46.40922,input,track,joystick_x,-1.0
19787.47095,46.442709,input,track,joystick_x,-1.0
19787.504356,46.476051,input,track,joystick_x,-1.0
19787.537366,46.509065,input,track,joystick_x,-1.0
19787.571408,46.543121,input,track,joystick_x,-1.0
19787.605098,46.576806,input,track,joystick_x,-1.0
19787.637714,46.609474,input,track,joystick_x,-1.0
19787.671065,46.642823,input,track,joystick_x,-1.0
19787.701682,46.673431,input,track,joystick_x,-1.0
19787.735577,46.707416,input,track,joystick_x,-1.0
19787.767954,46.739743,input,track,joystick_x,-1.0
19787.801726,46.773538,input,track,joystick_x,-1.0
19787.834937,46.806717,input,track,joystick_x,-1.0
19787.867088,46.838981,input,track,joystick_x,-1.0
19787.904881,46.876428,input,track,joystick_x,-1.0
19787.937358,46.909079,input,track,joystick_x,-1.0
19787.970782,46.942539,input,track,joystick_x,-1.0
19788.004465,46.976098,input,track,joystick_x,-1.0
19788.037874,47.008904,input,track,joystick_x,-1.0
19788.070212,47.042016,input,track,joystick_x,-1.0
19788.104291,47.075996,input,track,joystick_x,-1.0
19788.136907,47.108644,input,track,joystick_x,-0.992157
19788.170595,47.14238,input,track,joystick_x,-0.913725
19788.203504,47.17522,input,track,joystick_x,-0.803922
19788.237523,47.209268,input,track,joystick_x,-0.72549
19788.270334,47.242046,input,track,joystick_x,-0.701961
19788.300046,47.27198,input,track,joystick_x,-0.701961
19788.337307,47.308957,input,track,joystick_x,-0.701961
19788.370256,47.341893,input,track,joystick_x,-0.701961
19788.403321,47.375065,input,track,joystick_x,-0.701961
19788.437285,47.40909,input,track,joystick_x,-0.701961
19788.470177,47.441878,input,track,joystick_x,-0.701961
19788.503466,47.475116,input,track,joystick_x,-0.701961
19788.538667,47.510099,input,track,joystick_x,-0.701961
19788.569354,47.541141,input,track,joystick_x,-0.701961
19788.603533,47.575138,input,track,joystick_x,-0.701961
19788.637522,47.609279,input,track,joystick_x,-0.701961
19788.669956,47.641808,input,track,joystick_x,-0.701961
19788.703076,47.674755,input,track,joystick_x,-0.701961
19788.736824,47.708726,input,track,joystick_x,-0.701961
19788.769721,47.74149,input,track,joystick_x,-0.701961
19788.802447,47.774269,input,track,joystick_x,-0.701961
19788.836658,47.808428,input,track,joystick_x,-0.701961
19788.869769,47.841418,input,track,joystick_x,-0.701961
19788.902925,47.874646,input,track,joystick_x,-0.701961
19788.936516,47.908251,input,track,joystick_x,-0.701961
19788.969139,47.941003,input,track,joystick_x,-0.701961
19789.003454,47.97517,input,track,joystick_x,-0.701961
19789.033574,48.00496,input,track,joystick_x,-0.701961
19789.069341,48.041178,input,track,joystick_x,-0.701961
19789.102887,48.074703,input,track,joystick_x,-0.701961
19789.135043,48.106827,input,track,joystick_x,-0.701961
19789.169496,48.141273,input,track,joystick_x,-0.701961
19789.202731,48.174434,input,track,joystick_x,-0.701961
19789.236573,48.208356,input,track,joystick_x,-0.701961
19789.26906,48.24091,input,track,joystick_x,-0.701961
19789.30128,48.273105,input,track,joystick_x,-0.701961
19789.336364,48.308107,input,track,joystick_x,-0.701961
19789.369248,48.340972,input,track,joystick_x,-0.701961
19789.401841,48.373652,input,track,joystick_x,-0.701961
19789.437274,48.408858,input,track,joystick_x,-0.701961
19789.470099,48.441875,input,track,joystick_x,-0.701961
19789.503036,48.474728,input,track,joystick_x,-0.701961
19789.535983,48.507682,input,track,joystick_x,-0.701961
19789.567851,48.539754,input,track,joystick_x,-0.701961
19789.602203,48.573948,input,track,joystick_x,-0.701961
19789.636277,48.608007,input,track,joystick_x,-0.701961
19789.668973,48.640795,input,track,joystick_x,-0.701961
19789.702518,48.674076,input,track,joystick_x,-0.701961
19789.735642,48.707438,input,track,joystick_x,-0.701961
19789.769139,48.740963,input,track,joystick_x,-0.701961
19789.803018,48.774758,input,track,joystick_x,-0.701961
19789.835326,48.807101,input,track,joystick_x,-0.701961
19789.869458,48.84109,input,track,joystick_x,-0.701961
19789.902381,48.874021,input,track,joystick_x,-0.701961
19789.935615,48.907349,input,track,joystick_x,-0.686275
19789.969181,48.940954,input,track,joystick_x,-0.670588
19790.002602,48.974338,input,track,joystick_x,-0.670588
19790.036178,49.007313,input,track,joystick_x,-0.670588
19790.069282,49.04099,input,track,joystick_x,-0.654902
19790.102767,49.074536,input,track,joystick_x,-0.647059
19790.135361,49.107073,input,track,joystick_x,-0.615686
19790.169,49.140771,input,track,joystick_x,-0.592157
19790.202323,49.174039,input,track,joystick_x,-0.513725
19790.234623,49.206448,input,track,joystick_x,-0.435294
19790.268599,49.240319,input,track,joystick_x,-0.380392
19790.298493,49.270383,input,track,joystick_x,-0.356863
19790.335559,49.307372,input,track,joystick_x,-0.341176
19790.369058,49.340611,input,track,joystick_x,-0.341176
19790.40245,49.374189,input,track,joystick_x,-0.341176
19790.435326,49.407046,input,track,joystick_x,-0.341176
19790.469105,49.440656,input,track,joystick_x,-0.341176
19790.502083,49.4738,input,track,joystick_x,-0.32549
19790.535412,49.507074,input,track,joystick_x,-0.301961
19790.567784,49.539626,input,track,joystick_x,-0.270588
19790.601742,49.573493,input,track,joystick_x,-0.247059
19790.635016,49.60681,input,track,joystick_x,-0.231373
19790.667963,49.63979,input,track,joystick_x,-0.231373
19790.70178,49.673411,input,track,joystick_x,-0.231373
19790.734787,49.706518,input,track,joystick_x,-0.231373
19790.767792,49.739537,input,track,joystick_x,-0.231373
19790.802734,49.774524,input,track,joystick_x,-0.231373
19790.835039,49.806819,input,track,joystick_x,-0.231373
19790.867914,49.839656,input,track,joystick_x,-0.231373
19790.901172,49.872871,input,track,joystick_x,-0.231373
19790.933894,49.905722,input,track,joystick_x,-0.231373
19790.968086,49.939838,input,track,joystick_x,-0.231373
19791.001208,49.972924,input,track,joystick_x,-0.231373
19791.034863,50.005953,input,track,joystick_x,-0.231373
19791.067553,50.039374,input,track,joystick_x,-0.231373
19791.101013,50.072772,input,track,joystick_x,-0.231373
19791.134046,50.105863,input,track,joystick_x,-0.231373
19791.167381,50.139136,input,track,joystick_x,-0.231373
19791.200721,50.172439,input,track,joystick_x,-0.231373
19791.234319,50.206095,input,track,joystick_x,-0.223529
19791.267608,50.239361,input,track,joystick_x,-0.207843
19791.298708,50.270536,input,track,joystick_x,-0.184314
19791.334065,50.305844,input,track,joystick_x,-0.152941
19791.367606,50.339234,input,track,joystick_x,-0.098039
19791.400549,50.372392,input,track,joystick_x,-0.07451
19791.434038,50.405744,input,track,joystick_x,-0.05098
19791.46698,50.438681,input,track,joystick_x,-0.035294
19791.500753,50.472479,input,track,joystick_x,-0.035294
19791.537446,50.508718,input,track,joystick_x,-0.019608
19791.564165,50.536001,input,track,joystick_x,-0.003922
19791.600244,50.572005,input,track,joystick_x,-0.003922
19791.63295,50.604647,input,track,joystick_x,-0.003922
19791.666549,50.638376,input,track,joystick_x,-0.003922
19791.699587,50.671394,input,track,joystick_x,-0.003922
19791.732467,50.704196,input,track,joystick_x,-0.003922
19791.766294,50.738105,input,track,joystick_x,-0.003922
19791.799543,50.77133,input,track,joystick_x,-0.003922
19791.832725,50.804484,input,track,joystick_x,-0.003922
19791.866169,50.837948,input,track,joystick_x,-0.003922
19791.899804,50.871637,input,track,joystick_x,-0.003922
19791.933032,50.904872,input,track,joystick_x,-0.003922
19791.965824,50.937592,input,track,joystick_x,-0.003922
19791.999385,50.971203,input,track,joystick_x,-0.003922
19792.033415,51.004667,input,track,joystick_x,-0.003922
19792.066178,51.038152,input,track,joystick_x,-0.003922
19792.10049,51.07219,input,track,joystick_x,-0.003922
19792.133323,51.105076,input,track,joystick_x,-0.019608
19792.167192,51.138972,input,track,joystick_x,-0.035294
19792.199833,51.171603,input,track,joystick_x,-0.058824
19792.233253,51.204994,input,track,joystick_x,-0.098039
19792.267118,51.238907,input,track,joystick_x,-0.129412
19792.299871,51.271684,input,track,joystick_x,-0.152941
19792.333052,51.304828,input,track,joystick_x,-0.168627
19792.366508,51.338354,input,track,joystick_x,-0.168627
19792.399609,51.371342,input,track,joystick_x,-0.192157
19792.43283,51.404627,input,track,joystick_x,-0.231373
19792.466914,51.43863,input,track,joystick_x,-0.270588
19792.499843,51.471617,input,track,joystick_x,-0.32549
19792.533001,51.504837,input,track,joystick_x,-0.380392
19792.566374,51.538138,input,track,joystick_x,-0.396078
19792.599876,51.57162,input,track,joystick_x,-0.396078
19792.633338,51.604977,input,track,joystick_x,-0.396078
19792.66663,51.638393,input,track,joystick_x,-0.396078
19792.699417,51.67117,input,track,joystick_x,-0.403922
19792.733209,51.704974,input,track,joystick_x,-0.435294
19792.766154,51.737996,input,track,joystick_x,-0.458824
19792.800869,51.772605,input,track,joystick_x,-0.482353
19792.833231,51.805021,input,track,joystick_x,-0.498039
19792.866561,51.838369,input,track,joystick_x,-0.498039
19792.899342,51.871112,input,track,joystick_x,-0.498039
19792.932417,51.904081,input,track,joystick_x,-0.498039
19792.965977,51.937677,input,track,joystick_x,-0.498039
19792.999144,51.970901,input,track,joystick_x,-0.498039
19793.033269,52.004648,input,track,joystick_x,-0.498039
19793.066417,52.038182,input,track,joystick_x,-0.498039
19793.099584,52.071299,input,track,joystick_x,-0.498039
19793.132265,52.103948,input,track,joystick_x,-0.498039
19793.166083,52.137773,input,track,joystick_x,-0.498039
19793.199195,52.170965,input,track,joystick_x,-0.482353
19793.232334,52.204122,input,track,joystick_x,-0.482353
19793.266402,52.238221,input,track,joystick_x,-0.443137
19793.299192,52.271034,input,track,joystick_x,-0.396078
19793.332557,52.304408,input,track,joystick_x,-0.341176
19793.365479,52.337322,input,track,joystick_x,-0.247059
19793.399025,52.370836,input,track,joystick_x,-0.137255
19793.431756,52.403542,input,track,joystick_x,-0.058824
19793.465807,52.437491,input,track,joystick_x,-0.05098
19793.499102,52.470815,input,track,joystick_x,-0.05098
19793.532509,52.504263,input,track,joystick_x,-0.05098
19793.565548,52.5373,input,track,joystick_x,-0.05098
19793.59867,52.570464,input,track,joystick_x,-0.05098
19793.63224,52.603926,input,track,joystick_x,-0.05098
19793.665277,52.636945,input,track,joystick_x,-0.05098
19793.698794,52.670531,input,track,joystick_x,-0.05098
19793.731984,52.703632,input,track,joystick_x,-0.035294
19793.765316,52.73703,input,track,joystick_x,-0.035294
19793.799641,52.771356,input,track,joystick_x,-0.019608
19793.832197,52.803949,input,track,joystick_x,-0.003922
19793.865576,52.837205,input,track,joystick_x,-0.003922
19793.89814,52.869889,input,track,joystick_x,-0.003922
19793.931245,52.903022,input,track,joystick_x,-0.003922
19793.964518,52.936199,input,track,joystick_x,-0.003922
19793.997689,52.969493,input,track,joystick_x,-0.003922
19794.031962,53.003146,input,track,joystick_x,-0.003922
19794.064082,53.035926,input,track,joystick_x,-0.003922
19794.098008,53.069839,input,track,joystick_x,-0.003922
19794.131097,53.102818,input,track,joystick_x,-0.003922
19794.164202,53.135942,input,track,joystick_x,-0.003922
19794.197517,53.169268,input,track,joystick_x,-0.003922
19794.230816,53.202614,input,track,joystick_x,-0.003922
19794.263564,53.235406,input,track,joystick_x,-0.003922
19794.297856,53.269527,input,track,joystick_x,-0.003922
19794.331514,53.30326,input,track,joystick_x,-0.003922
19794.363895,53.335724,input,track,joystick_x,-0.003922
19794.396669,53.368496,input,track,joystick_x,-0.003922
19794.430487,53.402286,input,track,joystick_x,-0.003922
19794.464327,53.436002,input,track,joystick_x,-0.003922
19794.497072,53.468847,input,track,joystick_x,-0.003922
19794.530219,53.501991,input,track,joystick_x,-0.003922
19794.563379,53.535194,input,track,joystick_x,-0.003922
19794.597503,53.569295,input,track,joystick_x,0.011765
19794.630836,53.602511,input,track,joystick_x,0.011765
19794.663439,53.635253,input,track,joystick_x,0.011765
19794.696833,53.668645,input,track,joystick_x,0.05098
19794.729997,53.701835,input,track,joystick_x,0.105882
19794.763341,53.735167,input,track,joystick_x,0.184314
19794.796847,53.768627,input,track,joystick_x,0.262745
19794.830371,53.802116,input,track,joystick_x,0.32549
19794.863646,53.83546,input,track,joystick_x,0.380392
19794.896757,53.8685,input,track,joystick_x,0.458824
19794.930092,53.901825,input,track,joystick_x,0.521569
19794.963087,53.934844,input,track,joystick_x,0.537255
19794.996869,53.968615,input,track,joystick_x,0.560784
19795.030133,54.00149,input,track,joystick_x,0.560784
19795.063371,54.035176,input,track,joystick_x,0.560784
19795.096139,54.067951,input,track,joystick_x,0.560784
19795.129538,54.101267,input,track,joystick_x,0.560784
19795.163105,54.134932,input,track,joystick_x,0.560784
19795.196576,54.168372,input,track,joystick_x,0.560784
19795.229655,54.201461,input,track,joystick_x,0.560784
19795.263367,54.23512,input,track,joystick_x,0.560784
19795.296715,54.268412,input,track,joystick_x,0.498039
19795.329537,54.301362,input,track,joystick_x,0.301961
19795.361697,54.333386,input,track,joystick_x,0.05098
19795.394501,54.366332,input,track,joystick_x,-0.003922
19795.427687,54.399448,input,track,joystick_x,-0.003922
19795.463944,54.435566,input,track,joystick_x,0.066667
19795.497457,54.469149,input,track,joystick_x,0.207843
19795.530186,54.501927,input,track,joystick_x,0.286275
19795.562988,54.534732,input,track,joystick_x,0.301961
19795.596135,54.567956,input,track,joystick_x,0.301961
19795.630467,54.602018,input,track,joystick_x,0.301961
19795.663224,54.635027,input,track,joystick_x,0.301961
19795.696958,54.668733,input,track,joystick_x,0.364706
19795.730406,54.70217,input,track,joystick_x,0.458824
19795.763745,54.735506,input,track,joystick_x,0.537255
19795.797408,54.769086,input,track,joystick_x,0.654902
19795.82997,54.801793,input,track,joystick_x,0.733333
19795.863126,54.834878,input,track,joystick_x,0.733333
19795.897255,54.868942,input,track,joystick_x,0.733333
19795.929996,54.901737,input,track,joystick_x,0.733333
19795.962624,54.934181,input,track,joystick_x,0.733333
19795.99405,54.965948,input,track,joystick_x,0.733333
19796.033519,55.004538,input,track,joystick_x,0.733333
19796.067084,55.038304,input,track,joystick_x,0.733333
19796.093261,55.065119,input,track,joystick_x,0.694118
19796.127951,55.099805,input,track,joystick_x,0.639216
19796.16208,55.133916,input,track,joystick_x,0.482353
19796.195707,55.167508,input,track,joystick_x,0.286275
19796.228832,55.200602,input,track,joystick_x,0.090196
19796.262393,55.234236,input,track,joystick_x,0.027451
19796.29596,55.267694,input,track,joystick_x,0.090196
19796.328926,55.300747,input,track,joystick_x,0.286275
19796.362706,55.334535,input,track,joystick_x,0.380392
19796.395619,55.367351,input,track,joystick_x,0.380392
19796.429302,55.401131,input,track,joystick_x,0.341176
19796.46264,55.434401,input,track,joystick_x,0.286275
19796.49547,55.467269,input,track,joystick_x,0.262745
19796.528389,55.500156,input,track,joystick_x,0.247059
19796.561976,55.533702,input,track,joystick_x,0.247059
19796.596781,55.568362,input,track,joystick_x,0.247059
19796.629741,55.601425,input,track,joystick_x,0.247059
19796.662391,55.634218,input,track,joystick_x,0.247059
19796.696005,55.667771,input,track,joystick_x,0.247059
19796.729882,55.701588,input,track,joystick_x,0.247059
19796.762087,55.733816,input,track,joystick_x,0.247059
19796.795617,55.767397,input,track,joystick_x,0.247059
19796.829228,55.801034,input,track,joystick_x,0.247059
19796.862464,55.834093,input,track,joystick_x,0.223529
19796.895902,55.867573,input,track,joystick_x,0.223529
19796.92908,55.900839,input,track,joystick_x,0.184314
19796.962238,55.934081,input,track,joystick_x,0.105882
19796.99584,55.96763,input,track,joystick_x,0.011765
19797.029318,56.000457,input,track,joystick_x,-0.003922
19797.062257,56.033942,input,track,joystick_x,-0.003922
19797.095529,56.067338,input,track,joystick_x,-0.003922
19797.129242,56.101015,input,track,joystick_x,-0.003922
19797.162488,56.134288,input,track,joystick_x,-0.003922
19797.195593,56.167383,input,track,joystick_x,-0.003922
19797.22885,56.200512,input,track,joystick_x,-0.003922
19797.258869,56.230699,input,track,joystick_x,-0.003922
19797.293298,56.264974,input,track,joystick_x,-0.003922
19797.325568,56.29741,input,track,joystick_x,-0.003922
19797.359374,56.331087,input,track,joystick_x,-0.003922
19797.392226,56.363943,input,track,joystick_x,-0.003922
19797.425846,56.397794,input,track,joystick_x,-0.003922
19797.460159,56.431852,input,track,joystick_x,-0.003922
19797.495001,56.466678,input,track,joystick_x,-0.003922
19797.528316,56.499991,input,track,joystick_x,-0.003922
19797.561796,56.5334,input,track,joystick_x,-0.003922
19797.595019,56.566739,input,track,joystick_x,-0.003922
19797.627975,56.59975,input,track,joystick_x,-0.003922
19797.66184,56.633589,input,track,joystick_x,-0.003922
19797.695187,56.666963,input,track,joystick_x,0.011765
19797.727986,56.69962,input,track,joystick_x,0.011765
19797.761663,56.733417,input,track,joystick_x,0.027451
19797.795034,56.7667,input,track,joystick_x,0.090196
19797.828119,56.799808,input,track,joystick_x,0.168627
19797.86141,56.833167,input,track,joystick_x,0.247059
19797.894257,56.865898,input,track,joystick_x,0.32549
19797.927135,56.898788,input,track,joystick_x,0.380392
19797.96098,56.932633,input,track,joystick_x,0.458824
19797.994331,56.966021,input,track,joystick_x,0.521569
19798.027247,56.999001,input,track,joystick_x,0.537255
19798.059855,57.031485,input,track,joystick_x,0.576471
19798.094005,57.065752,input,track,joystick_x,0.615686
19798.12731,57.099016,input,track,joystick_x,0.678431
19798.160714,57.132388,input,track,joystick_x,0.717647
19798.194217,57.165925,input,track,joystick_x,0.796078
19798.227002,57.198686,input,track,joystick_x,0.811765
19798.261586,57.233146,input,track,joystick_x,0.85098
19798.297016,57.268529,input,track,joystick_x,0.87451
19798.327456,57.299253,input,track,joystick_x,0.87451
19798.360842,57.332667,input,track,joystick_x,0.87451
19798.394353,57.366037,input,track,joystick_x,0.890196
19798.427643,57.39942,input,track,joystick_x,0.890196
19798.460719,57.432549,input,track,joystick_x,0.952941
19798.493831,57.465602,input,track,joystick_x,1.0
19798.526234,57.49812,input,track,joystick_x,1.0
19798.558615,57.53031,input,track,joystick_x,1.0
19798.594197,57.565945,input,track,joystick_x,1.0
19798.627545,57.599276,input,track,joystick_x,1.0
19798.660625,57.632365,input,track,joystick_x,1.0
19798.694027,57.66578,input,track,joystick_x,1.0
19798.727566,57.699208,input,track,joystick_x,1.0
19798.760225,57.73203,input,track,joystick_x,0.952941
19798.793966,57.765745,input,track,joystick_x,0.85098
19798.826861,57.798666,input,track,joystick_x,0.835294
19798.859873,57.831656,input,track,joystick_x,0.835294
19798.893109,57.864791,input,track,joystick_x,0.835294
19798.927014,57.898767,input,track,joystick_x,0.835294
19798.960508,57.932251,input,track,joystick_x,0.835294
19798.993685,57.965482,input,track,joystick_x,0.835294
19799.026867,57.99862,input,track,joystick_x,0.835294
19799.060048,58.031758,input,track,joystick_x,0.835294
19799.093271,58.065026,input,track,joystick_x,0.835294
19799.126874,58.098673,input,track,joystick_x,0.835294
19799.160149,58.131902,input,track,joystick_x,0.835294
19799.193548,58.165288,input,track,joystick_x,0.835294
19799.227165,58.198869,input,track,joystick_x,0.835294
19799.260144,58.231863,input,track,joystick_x,0.835294
19799.294596,58.266125,input,track,joystick_x,0.835294
19799.325833,58.297694,input,track,joystick_x,0.835294
19799.359918,58.33166,input,track,joystick_x,0.835294
19799.397583,58.36915,input,track,joystick_x,0.835294
19799.426875,58.398619,input,track,joystick_x,0.835294
19799.460046,58.431684,input,track,joystick_x,0.835294
19799.493324,58.46496,input,track,joystick_x,0.835294
19799.525573,58.497428,input,track,joystick_x,0.835294
19799.559916,58.531626,input,track,joystick_x,0.835294
19799.593637,58.565356,input,track,joystick_x,0.835294
19799.626277,58.598071,input,track,joystick_x,0.835294
19799.659367,58.631083,input,track,joystick_x,0.835294
19799.693126,58.664915,input,track,joystick_x,0.835294
19799.726562,58.698245,input,track,joystick_x,0.835294
19799.759346,58.731123,input,track,joystick_x,0.835294
19799.79284,58.76458,input,track,joystick_x,0.835294
19799.82696,58.79863,input,track,joystick_x,0.835294
19799.859427,58.831191,input,track,joystick_x,0.835294
19799.893031,58.864721,input,track,joystick_x,0.835294
19799.926636,58.898384,input,track,joystick_x,0.835294
19799.95936,58.931132,input,track,joystick_x,0.835294
19799.99292,58.964481,input,track,joystick_x,0.835294
19800.025836,58.997635,input,track,joystick_x,0.811765
19800.059121,59.030871,input,track,joystick_x,0.811765
19800.092581,59.064295,input,track,joystick_x,0.772549
19800.125792,59.097533,input,track,joystick_x,0.717647
19800.159147,59.130867,input,track,joystick_x,0.654902
19800.192571,59.164351,input,track,joystick_x,0.560784
19800.22581,59.197555,input,track,joystick_x,0.458824
19800.258664,59.230434,input,track,joystick_x,0.419608
19800.292807,59.264582,input,track,joystick_x,0.403922
19800.326273,59.297791,input,track,joystick_x,0.364706
19800.358967,59.330766,input,track,joystick_x,0.301961
19800.392429,59.364187,input,track,joystick_x,0.223529
19800.425638,59.397431,input,track,joystick_x,0.090196
19800.458942,59.430687,input,track,joystick_x,0.05098
19800.49264,59.463947,input,track,joystick_x,0.05098
19800.524495,59.496296,input,track,joystick_x,0.05098
19800.55869,59.530409,input,track,joystick_x,0.05098
19800.591507,59.563285,input,track,joystick_x,0.05098
19800.624961,59.596744,input,track,joystick_x,0.05098
19800.659455,59.630664,input,track,joystick_x,0.066667
19800.692295,59.664066,input,track,joystick_x,0.066667
19800.725924,59.69769,input,track,joystick_x,0.105882
19800.759118,59.730925,input,track,joystick_x,0.184314
19800.792231,59.764044,input,track,joystick_x,0.286275
19800.826375,59.797626,input,track,joystick_x,0.364706
19800.858708,59.830479,input,track,joystick_x,0.419608
19800.892291,59.864033,input,track,joystick_x,0.482353
19800.925271,59.897074,input,track,joystick_x,0.498039
19800.959336,59.931042,input,track,joystick_x,0.498039
19800.992916,59.964153,input,track,joystick_x,0.498039
19801.025128,59.996841,input,track,joystick_x,0.498039
19801.058971,60.030697,input,track,joystick_x,0.498039
