19738.575417,0.191847,input,track,joystick_y,0
19738.579389,0.201076,input,track,joystick_y,0
19738.612612,0.234198,input,track,joystick_y,0
19738.638142,0.258561,input,track,joystick_y,0
19738.661968,0.283181,input,track,joystick_y,0
19741.342603,0.31421,input,track,joystick_y,0
19741.380169,0.351802,input,track,joystick_y,0
19741.465117,0.436231,input,track,joystick_y,0
19741.495526,0.467074,input,track,joystick_y,0
19741.529157,0.500916,input,track,joystick_y,0
19741.565981,0.537475,input,track,joystick_y,0
19741.598676,0.570309,input,track,joystick_y,0
19741.628498,0.600104,input,track,joystick_y,0
19741.664444,0.636081,input,track,joystick_y,0
19741.697116,0.668721,input,track,joystick_y,0
19741.731147,0.702649,input,track,joystick_y,0
19741.764299,0.736018,input,track,joystick_y,0
19741.797255,0.768937,input,track,joystick_y,0
19741.8314,0.802974,input,track,joystick_y,0
19741.86448,0.836056,input,track,joystick_y,0
19741.898117,0.869541,input,track,joystick_y,-0.019608
19741.931493,0.903129,input,track,joystick_y,-0.019608
19741.964487,0.936086,input,track,joystick_y,-0.019608
19741.997912,0.969615,input,track,joystick_y,-0.043137
19742.028108,0.999866,input,track,joystick_y,-0.137255
19742.063985,1.035618,input,track,joystick_y,-0.262745
19742.097549,1.069264,input,track,joystick_y,-0.45098
19742.13103,1.102615,input,track,joystick_y,-0.670588
19742.163885,1.135447,input,track,joystick_y,-0.866667
19742.197513,1.169114,input,track,joystick_y,-0.960784
19742.23074,1.202294,input,track,joystick_y,-1.0
19742.26438,1.236082,input,track,joystick_y,-1.0
19742.296883,1.268556,input,track,joystick_y,-1.0
19742.330026,1.301692,input,track,joystick_y,-1.0
19742.364003,1.335573,input,track,joystick_y,-1.0
19742.397603,1.369117,input,track,joystick_y,-1.0
19742.43045,1.40211,input,track,joystick_y,-1.0
19742.46412,1.435813,input,track,joystick_y,-1.0
19742.496901,1.468556,input,track,joystick_y,-1.0
19742.529853,1.501563,input,track,joystick_y,-1.0
19742.563774,1.535271,input,track,joystick_y,-1.0
19742.596931,1.568598,input,track,joystick_y,-1.0
19742.630099,1.601702,input,track,joystick_y,-1.0
19742.663746,1.635302,input,track,joystick_y,-1.0
19742.696739,1.668433,input,track,joystick_y,-1.0
19742.730397,1.701871,input,track,joystick_y,-1.0
19742.763475,1.735099,input,track,joystick_y,-1.0
19742.797883,1.769543,input,track,joystick_y,-1.0
19742.830071,1.801785,input,track,joystick_y,-1.0
19742.863368,1.835016,input,track,joystick_y,-1.0
19742.896688,1.868299,input,track,joystick_y,-1.0
19742.930593,1.902241,input,track,joystick_y,-1.0
19742.96354,1.935121,input,track,joystick_y,-1.0
19742.996594,1.968315,input,track,joystick_y,-1.0
19743.030873,2.001847,input,track,joystick_y,-1.0
19743.062924,2.034481,input,track,joystick_y,-1.0
19743.096453,2.06802,input,track,joystick_y,-1.0
19743.1306,2.102148,input,track,joystick_y,-1.0
19743.162506,2.134241,input,track,joystick_y,-1.0
19743.19672,2.168177,input,track,joystick_y,-1.0
19743.230553,2.202012,input,track,joystick_y,-1.0
19743.264029,2.235382,input,track,joystick_y,-1.0
19743.294674,2.266397,input,track,joystick_y,-1.0
19743.329277,2.300969,input,track,joystick_y,-1.0
19743.362879,2.334451,input,track,joystick_y,-1.0
19743.395393,2.366919,input,track,joystick_y,-1.0
19743.428416,2.400137,input,track,joystick_y,-1.0
19743.460445,2.431856,input,track,joystick_y,-1.0
19743.493993,2.465542,input,track,joystick_y,-1.0
19743.527663,2.499392,input,track,joystick_y,-1.0
19743.562997,2.534611,input,track,joystick_y,-1.0
19743.595559,2.567277,input,track,joystick_y,-1.0
19743.629196,2.600921,input,track,joystick_y,-1.0
19743.662572,2.634127,input,track,joystick_y,-1.0
19743.695348,2.667041,input,track,joystick_y,-1.0
19743.729225,2.700753,input,track,joystick_y,-1.0
19743.762296,2.733952,input,track,joystick_y,-1.0
19743.795352,2.766947,input,track,joystick_y,-1.0
19743.828445,2.800032,input,track,joystick_y,-1.0
19743.862241,2.833928,input,track,joystick_y,-1.0
19743.895208,2.86682,input,track,joystick_y,-1.0
19743.928567,2.900248,input,track,joystick_y,-1.0
19743.961848,2.933377,input,track,joystick_y,-1.0
19743.995287,2.966911,input,track,joystick_y,-1.0
19744.029244,3.000307,input,track,joystick_y,-1.0
19744.062619,3.034255,input,track,joystick_y,-1.0
19744.095417,3.067104,input,track,joystick_y,-1.0
19744.128777,3.100516,input,track,joystick_y,-1.0
19744.161749,3.13344,input,track,joystick_y,-1.0
19744.194612,3.1663,input,track,joystick_y,-1.0
19744.22814,3.199723,input,track,joystick_y,-1.0
19744.261784,3.233508,input,track,joystick_y,-1.0
19744.29394,3.265644,input,track,joystick_y,-1.0
19744.328067,3.299582,input,track,joystick_y,-1.0
19744.362728,3.334161,input,track,joystick_y,-1.0
19744.396583,3.368037,input,track,joystick_y,-1.0
19744.428571,3.40024,input,track,joystick_y,-1.0
19744.462511,3.43397,input,track,joystick_y,-1.0
19744.495004,3.46658,input,track,joystick_y,-1.0
19744.52871,3.500355,input,track,joystick_y,-1.0
19744.563167,3.5347,input,track,joystick_y,-1.0
19744.59532,3.566886,input,track,joystick_y,-1.0
19744.628964,3.600672,input,track,joystick_y,-1.0
19744.662296,3.633838,input,track,joystick_y,-1.0
19744.695489,3.667134,input,track,joystick_y,-1.0
19744.728855,3.700325,input,track,joystick_y,-1.0
19744.761559,3.73315,input,track,joystick_y,-1.0
19744.795051,3.766525,input,track,joystick_y,-1.0
19744.825718,3.797365,input,track,joystick_y,-1.0
19744.858988,3.830714,input,track,joystick_y,-1.0
19744.893094,3.864737,input,track,joystick_y,-1.0
19744.92842,3.899966,input,track,joystick_y,-1.0
19744.960756,3.932353,input,track,joystick_y,-1.0
19744.994133,3.965801,input,track,joystick_y,-1.0
19745.027369,3.99905,input,track,joystick_y,-1.0
19745.060224,4.0319,input,track,joystick_y,-1.0
19745.09461,4.066336,input,track,joystick_y,-1.0
19745.127825,4.099427,input,track,joystick_y,-1.0
19745.160485,4.13219,input,track,joystick_y,-1.0
19745.194054,4.165779,input,track,joystick_y,-1.0
19745.227568,4.199121,input,track,joystick_y,-1.0
19745.259135,4.230839,input,track,joystick_y,-1.0
19745.293055,4.264694,input,track,joystick_y,-1.0
19745.326941,4.298626,input,track,joystick_y,-1.0
19745.360388,4.33207,input,track,joystick_y,-1.0
19745.393884,4.365359,input,track,joystick_y,-1.0
19745.427837,4.399365,input,track,joystick_y,-1.0
19745.460436,4.432068,input,track,joystick_y,-1.0
19745.493698,4.465354,input,track,joystick_y,-1.0
19745.527128,4.49876,input,track,joystick_y,-1.0
19745.560894,4.532469,input,track,joystick_y,-1.0
19745.593611,4.565258,input,track,joystick_y,-1.0
19745.627402,4.598926,input,track,joystick_y,-1.0
19745.66009,4.631817,input,track,joystick_y,-1.0
19745.693666,4.665355,input,track,joystick_y,-1.0
19745.727265,4.69874,input,track,joystick_y,-1.0
19745.760231,4.731893,input,track,joystick_y,-1.0
19745.793309,4.764912,input,track,joystick_y,-1.0
19745.826406,4.798084,input,track,joystick_y,-1.0
19745.859705,4.83138,input,track,joystick_y,-1.0
19745.893561,4.865144,input,track,joystick_y,-1.0
19745.926969,4.898651,input,track,joystick_y,-1.0
19745.959876,4.9315,input,track,joystick_y,-1.0
19745.992777,4.96445,input,track,joystick_y,-1.0
19746.026865,4.998589,input,track,joystick_y,-1.0
19746.059849,5.031428,input,track,joystick_y,-1.0
19746.093079,5.064738,input,track,joystick_y,-1.0
19746.126488,5.098243,input,track,joystick_y,-1.0
19746.159836,5.131543,input,track,joystick_y,-1.0
19746.19325,5.16488,input,track,joystick_y,-0.960784
19746.226673,5.198276,input,track,joystick_y,-0.905882
19746.25964,5.2313,input,track,joystick_y,-0.85098
19746.292212,5.263893,input,track,joystick_y,-0.819608
19746.326314,5.297962,input,track,joystick_y,-0.780392
19746.359837,5.331344,input,track,joystick_y,-0.74902
19746.392871,5.364475,input,track,joystick_y,-0.654902
19746.426017,5.397739,input,track,joystick_y,-0.521569
19746.459623,5.431257,input,track,joystick_y,-0.458824
19746.492578,5.464289,input,track,joystick_y,-0.372549
19746.526227,5.497918,input,track,joystick_y,-0.341176
19746.559141,5.530767,input,track,joystick_y,-0.32549
19746.592916,5.564546,input,track,joystick_y,-0.317647
19746.626292,5.597993,input,track,joystick_y,-0.317647
19746.659617,5.63132,input,track,joystick_y,-0.317647
19746.692486,5.664145,input,track,joystick_y,-0.32549
19746.725344,5.696985,input,track,joystick_y,-0.32549
19746.759971,5.731621,input,track,joystick_y,-0.32549
19746.793145,5.764837,input,track,joystick_y,-0.32549
19746.825476,5.797128,input,track,joystick_y,-0.32549
19746.860371,5.832007,input,track,joystick_y,-0.32549
19746.892422,5.864026,input,track,joystick_y,-0.341176
19746.925577,5.897238,input,track,joystick_y,-0.372549
19746.959379,5.931098,input,track,joystick_y,-0.388235
19746.992657,5.964372,input,track,joystick_y,-0.396078
19747.023319,5.995099,input,track,joystick_y,-0.396078
19747.059865,6.031504,input,track,joystick_y,-0.396078
19747.092714,6.064304,input,track,joystick_y,-0.396078
19747.125234,6.096931,input,track,joystick_y,-0.396078
19747.158414,6.130072,input,track,joystick_y,-0.396078
19747.192671,6.164384,input,track,joystick_y,-0.396078
19747.225542,6.197061,input,track,joystick_y,-0.396078
19747.258969,6.230719,input,track,joystick_y,-0.396078
19747.292271,6.263911,input,track,joystick_y,-0.411765
19747.32511,6.296777,input,track,joystick_y,-0.443137
19747.360446,6.331847,input,track,joystick_y,-0.482353
19747.393564,6.365131,input,track,joystick_y,-0.521569
19747.426327,6.397952,input,track,joystick_y,-0.568627
19747.459792,6.431515,input,track,joystick_y,-0.592157
19747.492503,6.464112,input,track,joystick_y,-0.607843
19747.525849,6.497462,input,track,joystick_y,-0.607843
19747.55904,6.530641,input,track,joystick_y,-0.607843
19747.592813,6.564522,input,track,joystick_y,-0.607843
19747.626016,6.59759,input,track,joystick_y,-0.607843
19747.659016,6.630625,input,track,joystick_y,-0.607843
19747.692334,6.663909,input,track,joystick_y,-0.607843
19747.725775,6.697226,input,track,joystick_y,-0.607843
19747.759089,6.73072,input,track,joystick_y,-0.607843
19747.791666,6.763258,input,track,joystick_y,-0.607843
19747.825593,6.797201,input,track,joystick_y,-0.607843
19747.859038,6.830705,input,track,joystick_y,-0.592157
19747.892645,6.864263,input,track,joystick_y,-0.592157
19747.925525,6.897085,input,track,joystick_y,-0.592157
19747.958882,6.930545,input,track,joystick_y,-0.584314
19747.99248,6.964078,input,track,joystick_y,-0.584314
19748.025245,6.996829,input,track,joystick_y,-0.568627
19748.058545,7.030085,input,track,joystick_y,-0.568627
19748.092143,7.063716,input,track,joystick_y,-0.521569
19748.125681,7.097376,input,track,joystick_y,-0.482353
19748.158915,7.130539,input,track,joystick_y,-0.443137
19748.192072,7.163692,input,track,joystick_y,-0.388235
19748.225097,7.196579,input,track,joystick_y,-0.372549
19748.25874,7.230372,input,track,joystick_y,-0.372549
19748.291804,7.263406,input,track,joystick_y,-0.356863
19748.325012,7.296532,input,track,joystick_y,-0.341176
19748.358496,7.330059,input,track,joystick_y,-0.32549
19748.392258,7.36379,input,track,joystick_y,-0.317647
19748.424603,7.39632,input,track,joystick_y,-0.301961
19748.458207,7.429807,input,track,joystick_y,-0.286275
19748.49145,7.463049,input,track,joystick_y,-0.254902
19748.52513,7.496678,input,track,joystick_y,-0.254902
19748.555796,7.527491,input,track,joystick_y,-0.254902
19748.591568,7.563108,input,track,joystick_y,-0.254902
19748.625475,7.597003,input,track,joystick_y,-0.254902
19748.657935,7.629478,input,track,joystick_y,-0.254902
19748.691564,7.66307,input,track,joystick_y,-0.254902
19748.725296,7.696806,input,track,joystick_y,-0.254902
19748.758274,7.729708,input,track,joystick_y,-0.254902
19748.79141,7.762972,input,track,joystick_y,-0.254902
19748.824627,7.796244,input,track,joystick_y,-0.254902
19748.857935,7.829508,input,track,joystick_y,-0.254902
19748.891228,7.862738,input,track,joystick_y,-0.254902
19748.924989,7.896525,input,track,joystick_y,-0.254902
19748.958362,7.92984,input,track,joystick_y,-0.254902
19748.990762,7.96244,input,track,joystick_y,-0.254902
19749.025152,7.996658,input,track,joystick_y,-0.254902
19749.057371,8.028888,input,track,joystick_y,-0.254902
19749.09105,8.062673,input,track,joystick_y,-0.231373
19749.124667,8.096314,input,track,joystick_y,-0.192157
19749.1577,8.129357,input,track,joystick_y,-0.145098
19749.190712,8.162407,input,track,joystick_y,-0.121569
19749.22458,8.196025,input,track,joystick_y,-0.121569
19749.25774,8.229382,input,track,joystick_y,-0.121569
19749.290733,8.262347,input,track,joystick_y,-0.121569
19749.324257,8.295841,input,track,joystick_y,-0.121569
19749.357685,8.329245,input,track,joystick_y,-0.121569
19749.390563,8.362131,input,track,joystick_y,-0.105882
19749.423982,8.395686,input,track,joystick_y,-0.121569
19749.457375,8.428987,input,track,joystick_y,-0.121569
19749.490289,8.461879,input,track,joystick_y,-0.121569
19749.523863,8.495476,input,track,joystick_y,-0.121569
19749.558178,8.529794,input,track,joystick_y,-0.121569
19749.590557,8.562164,input,track,joystick_y,-0.121569
19749.623765,8.595361,input,track,joystick_y,-0.121569
19749.65751,8.629078,input,track,joystick_y,-0.121569
19749.69082,8.662458,input,track,joystick_y,-0.121569
19749.723987,8.695562,input,track,joystick_y,-0.121569
19749.757204,8.728839,input,track,joystick_y,-0.121569
19749.790266,8.761924,input,track,joystick_y,-0.121569
19749.823571,8.795245,input,track,joystick_y,-0.105882
19749.85717,8.828804,input,track,joystick_y,-0.105882
19749.890482,8.86209,input,track,joystick_y,-0.07451
19749.923273,8.894944,input,track,joystick_y,-0.05098
19749.957324,8.928963,input,track,joystick_y,-0.019608
19749.990335,8.961967,input,track,joystick_y,-0.019608
19750.024092,8.99565,input,track,joystick_y,-0.019608
19750.056678,9.028208,input,track,joystick_y,-0.019608
19750.090464,9.062099,input,track,joystick_y,-0.003922
19750.124217,9.095854,input,track,joystick_y,0.003922
19750.156938,9.128444,input,track,joystick_y,0.003922
19750.19023,9.161785,input,track,joystick_y,0.003922
19750.223647,9.195177,input,track,joystick_y,0.003922
19750.256743,9.228395,input,track,joystick_y,0.003922
19750.289788,9.261281,input,track,joystick_y,0.003922
19750.323454,9.295073,input,track,joystick_y,0.003922
19750.356549,9.328251,input,track,joystick_y,0.003922
19750.390495,9.361986,input,track,joystick_y,0.003922
19750.423098,9.394675,input,track,joystick_y,0.003922
19750.456276,9.427816,input,track,joystick_y,0.003922
19750.490054,9.461616,input,track,joystick_y,0.003922
19750.522848,9.494429,input,track,joystick_y,0.003922
19750.555981,9.527586,input,track,joystick_y,0.003922
19750.589821,9.561451,input,track,joystick_y,0.003922
19750.623168,9.594741,input,track,joystick_y,0.003922
19750.65641,9.628093,input,track,joystick_y,0.003922
19750.690087,9.661671,input,track,joystick_y,0.003922
19750.723543,9.695127,input,track,joystick_y,0.003922
19750.755855,9.727472,input,track,joystick_y,0.003922
19750.789733,9.761408,input,track,joystick_y,0.003922
19750.823094,9.794712,input,track,joystick_y,0.003922
19750.855924,9.827609,input,track,joystick_y,0.043137
19750.890152,9.861686,input,track,joystick_y,0.082353
19750.922977,9.894684,input,track,joystick_y,0.105882
19750.956357,9.927981,input,track,joystick_y,0.121569
19750.989265,9.960961,input,track,joystick_y,0.121569
19751.022917,9.994445,input,track,joystick_y,0.121569
19751.055633,10.027131,input,track,joystick_y,0.121569
19751.089034,10.060677,input,track,joystick_y,0.121569
19751.123012,10.094699,input,track,joystick_y,0.160784
19751.156187,10.127781,input,track,joystick_y,0.184314
19751.188955,10.160637,input,track,joystick_y,0.184314
19751.219519,10.191043,input,track,joystick_y,0.184314
19751.253646,10.225178,input,track,joystick_y,0.184314
19751.287653,10.258896,input,track,joystick_y,0.184314
19751.319255,10.290988,input,track,joystick_y,0.184314
19751.352897,10.324576,input,track,joystick_y,0.184314
19751.385683,10.357355,input,track,joystick_y,0.160784
19751.422486,10.394085,input,track,joystick_y,0.160784
19751.453791,10.425548,input,track,joystick_y,0.160784
19751.488848,10.460543,input,track,joystick_y,0.160784
19751.522606,10.494142,input,track,joystick_y,0.160784
19751.556119,10.527603,input,track,joystick_y,0.145098
19751.588442,10.560044,input,track,joystick_y,0.145098
19751.622039,10.593635,input,track,joystick_y,0.145098
19751.655619,10.627141,input,track,joystick_y,0.145098
19751.689339,10.660836,input,track,joystick_y,0.145098
19751.722381,10.693905,input,track,joystick_y,0.145098
19751.755281,10.726886,input,track,joystick_y,0.145098
19751.78854,10.7601,input,track,joystick_y,0.145098
19751.822252,10.793787,input,track,joystick_y,0.145098
19751.855145,10.826737,input,track,joystick_y,0.145098
19751.888606,10.86007,input,track,joystick_y,0.145098
19751.921841,10.89344,input,track,joystick_y,0.121569
19751.955095,10.926733,input,track,joystick_y,0.121569
19751.98878,10.960393,input,track,joystick_y,0.121569
19752.021869,10.993482,input,track,joystick_y,0.121569
19752.054978,11.026446,input,track,joystick_y,0.121569
19752.088399,11.059981,input,track,joystick_y,0.121569
19752.121921,11.093477,input,track,joystick_y,0.121569
19752.15543,11.127,input,track,joystick_y,0.145098
19752.188558,11.160045,input,track,joystick_y,0.184314
19752.221228,11.192824,input,track,joystick_y,0.2
19752.255399,11.226977,input,track,joystick_y,0.2
19752.285713,11.257557,input,track,joystick_y,0.223529
19752.321182,11.292786,input,track,joystick_y,0.262745
19752.355086,11.326679,input,track,joystick_y,0.301961
19752.387882,11.359364,input,track,joystick_y,0.317647
19752.421093,11.39276,input,track,joystick_y,0.380392
19752.4549,11.426516,input,track,joystick_y,0.419608
19752.487575,11.45923,input,track,joystick_y,0.47451
19752.521671,11.493017,input,track,joystick_y,0.537255
19752.5543,11.525876,input,track,joystick_y,0.576471
19752.587221,11.558931,input,track,joystick_y,0.631373
19752.620151,11.591899,input,track,joystick_y,0.670588
19752.653541,11.62531,input,track,joystick_y,0.709804
19752.686855,11.658541,input,track,joystick_y,0.733333
19752.720248,11.691826,input,track,joystick_y,0.772549
19752.753509,11.72523,input,track,joystick_y,0.788235
19752.786058,11.757745,input,track,joystick_y,0.788235
19752.819561,11.791234,input,track,joystick_y,0.788235
19752.853342,11.825,input,track,joystick_y,0.772549
19752.88699,11.85853,input,track,joystick_y,0.772549
19752.919708,11.891376,input,track,joystick_y,0.772549
19752.953154,11.924805,input,track,joystick_y,0.772549
19752.986704,11.958434,input,track,joystick_y,0.772549
19753.020029,11.991621,input,track,joystick_y,0.772549
19753.05294,12.02458,input,track,joystick_y,0.772549
19753.085836,12.057474,input,track,joystick_y,0.74902
19753.119567,12.091266,input,track,joystick_y,0.733333
19753.152846,12.124536,input,track,joystick_y,0.709804
19753.186523,12.158259,input,track,joystick_y,0.709804
19753.219905,12.191398,input,track,joystick_y,0.709804
19753.253232,12.224871,input,track,joystick_y,0.709804
19753.2861,12.257821,input,track,joystick_y,0.709804
19753.318438,12.29021,input,track,joystick_y,0.733333
19753.352951,12.324641,input,track,joystick_y,0.733333
19753.386356,12.3579,input,track,joystick_y,0.733333
19753.419338,12.391024,input,track,joystick_y,0.733333
19753.452578,12.424238,input,track,joystick_y,0.733333
19753.486103,12.457792,input,track,joystick_y,0.733333
19753.518622,12.490178,input,track,joystick_y,0.733333
19753.553118,12.524732,input,track,joystick_y,0.74902
19753.586476,12.558146,input,track,joystick_y,0.772549
19753.619372,12.591009,input,track,joystick_y,0.772549
19753.652712,12.624378,input,track,joystick_y,0.74902
19753.686331,12.657963,input,track,joystick_y,0.74902
19753.719439,12.691033,input,track,joystick_y,0.74902
19753.752569,12.724233,input,track,joystick_y,0.74902
19753.785539,12.757219,input,track,joystick_y,0.74902
19753.819251,12.790915,input,track,joystick_y,0.74902
19753.853022,12.824713,input,track,joystick_y,0.74902
19753.886012,12.857567,input,track,joystick_y,0.74902
19753.918957,12.890632,input,track,joystick_y,0.74902
19753.951805,12.92346,input,track,joystick_y,0.74902
19753.985862,12.957566,input,track,joystick_y,0.74902
19754.026146,12.997467,input,track,joystick_y,0.74902
19754.055225,13.026358,input,track,joystick_y,0.74902
19754.086711,13.058006,input,track,joystick_y,0.74902
19754.11834,13.089942,input,track,joystick_y,0.74902
19754.151866,13.123449,input,track,joystick_y,0.74902
19754.185357,13.156934,input,track,joystick_y,0.74902
19754.218826,13.190376,input,track,joystick_y,0.772549
19754.251758,13.223348,input,track,joystick_y,0.772549
19754.285019,13.256552,input,track,joystick_y,0.772549
19754.318201,13.289688,input,track,joystick_y,0.772549
19754.351746,13.323295,input,track,joystick_y,0.772549
19754.384763,13.356274,input,track,joystick_y,0.772549
19754.418411,13.389933,input,track,joystick_y,0.772549
19754.451682,13.423195,input,track,joystick_y,0.772549
19754.485215,13.456679,input,track,joystick_y,0.788235
19754.518653,13.490201,input,track,joystick_y,0.811765
19754.551933,13.523558,input,track,joystick_y,0.811765
19754.58504,13.556548,input,track,joystick_y,0.811765
19754.618226,13.589811,input,track,joystick_y,0.811765
19754.653423,13.624634,input,track,joystick_y,0.811765
19754.686412,13.657999,input,track,joystick_y,0.811765
19754.719716,13.691343,input,track,joystick_y,0.811765
19754.753029,13.724545,input,track,joystick_y,0.811765
19754.78545,13.756982,input,track,joystick_y,0.811765
19754.819059,13.790575,input,track,joystick_y,0.811765
19754.852976,13.824573,input,track,joystick_y,0.811765
19754.885688,13.857138,input,track,joystick_y,0.811765
19754.918866,13.890476,input,track,joystick_y,0.811765
19754.95215,13.923736,input,track,joystick_y,0.811765
19754.985794,13.957307,input,track,joystick_y,0.811765
19755.019259,13.990883,input,track,joystick_y,0.811765
19755.052478,14.02414,input,track,joystick_y,0.811765
19755.085757,14.057315,input,track,joystick_y,0.811765
19755.118652,14.09024,input,track,joystick_y,0.811765
19755.151938,14.123392,input,track,joystick_y,0.811765
19755.185679,14.157227,input,track,joystick_y,0.811765
19755.218903,14.190651,input,track,joystick_y,0.811765
19755.251791,14.223283,input,track,joystick_y,0.811765
19755.286591,14.258127,input,track,joystick_y,0.811765
19755.318768,14.289846,input,track,joystick_y,0.811765
19755.351754,14.323295,input,track,joystick_y,0.811765
19755.385761,14.357314,input,track,joystick_y,0.811765
19755.417176,14.388837,input,track,joystick_y,0.811765
19755.451222,14.422813,input,track,joystick_y,0.811765
19755.481644,14.453338,input,track,joystick_y,0.811765
19755.516777,14.488331,input,track,joystick_y,0.811765
19755.54901,14.520588,input,track,joystick_y,0.811765
19755.582394,14.554,input,track,joystick_y,0.811765
19755.615704,14.587305,input,track,joystick_y,0.811765
19755.648586,14.620448,input,track,joystick_y,0.811765
19755.685667,14.657224,input,track,joystick_y,0.811765
19755.718111,14.689648,input,track,joystick_y,0.811765
19755.7522,14.723108,input,track,joystick_y,0.811765
19755.785514,14.756998,input,track,joystick_y,0.811765
19755.817939,14.78958,input,track,joystick_y,0.811765
19755.850903,14.822599,input,track,joystick_y,0.811765
19755.885036,14.856643,input,track,joystick_y,0.811765
19755.918303,14.889293,input,track,joystick_y,0.811765
19755.951372,14.923025,input,track,joystick_y,0.811765
19755.984764,14.956249,input,track,joystick_y,0.811765
19756.017929,14.989491,input,track,joystick_y,0.811765
19756.05093,15.02262,input,track,joystick_y,0.811765
19756.085182,15.05608,input,track,joystick_y,0.811765
19756.118002,15.089566,input,track,joystick_y,0.811765
19756.150718,15.122334,input,track,joystick_y,0.811765
19756.184078,15.155699,input,track,joystick_y,0.811765
19756.217472,15.189007,input,track,joystick_y,0.811765
19756.251922,15.222939,input,track,joystick_y,0.811765
19756.287501,15.259219,input,track,joystick_y,0.811765
19756.317501,15.289106,input,track,joystick_y,0.811765
19756.350522,15.322197,input,track,joystick_y,0.811765
19756.384081,15.355752,input,track,joystick_y,0.811765
19756.417958,15.389116,input,track,joystick_y,0.811765
19756.450949,15.422475,input,track,joystick_y,0.811765
19756.482741,15.454473,input,track,joystick_y,0.811765
19756.517124,15.488677,input,track,joystick_y,0.811765
19756.550729,15.522303,input,track,joystick_y,0.811765
19756.584249,15.555404,input,track,joystick_y,0.811765
19756.61683,15.588389,input,track,joystick_y,0.811765
19756.650383,15.62207,input,track,joystick_y,0.811765
19756.683373,15.655107,input,track,joystick_y,0.811765
19756.717096,15.688686,input,track,joystick_y,0.811765
19756.751024,15.722105,input,track,joystick_y,0.811765
19756.783654,15.755256,input,track,joystick_y,0.811765
19756.817686,15.789079,input,track,joystick_y,0.811765
19756.85041,15.822059,input,track,joystick_y,0.811765
19756.883415,15.855006,input,track,joystick_y,0.811765
19756.917174,15.888362,input,track,joystick_y,0.811765
19756.950191,15.921897,input,track,joystick_y,0.811765
19756.983822,15.95546,input,track,joystick_y,0.811765
19757.016351,15.987942,input,track,joystick_y,0.811765
19757.050066,16.021691,input,track,joystick_y,0.811765
19757.084319,16.055389,input,track,joystick_y,0.811765
19757.116853,16.088534,input,track,joystick_y,0.811765
19757.150343,16.121923,input,track,joystick_y,0.811765
19757.183379,16.155107,input,track,joystick_y,0.811765
19757.217147,16.188663,input,track,joystick_y,0.811765
19757.250501,16.221564,input,track,joystick_y,0.811765
19757.283977,16.255449,input,track,joystick_y,0.811765
19757.31658,16.288269,input,track,joystick_y,0.811765
19757.348038,16.319632,input,track,joystick_y,0.811765
19757.383193,16.354762,input,track,joystick_y,0.811765
19757.417325,16.388454,input,track,joystick_y,0.811765
19757.450057,16.421635,input,track,joystick_y,0.827451
19757.482813,16.454438,input,track,joystick_y,0.85098
19757.516092,16.487748,input,track,joystick_y,0.866667
19757.549617,16.521299,input,track,joystick_y,0.866667
19757.583906,16.55503,input,track,joystick_y,0.866667
19757.61608,16.587772,input,track,joystick_y,0.866667
19757.650088,16.621717,input,track,joystick_y,0.866667
19757.682828,16.654409,input,track,joystick_y,0.866667
19757.716574,16.688232,input,track,joystick_y,0.866667
19757.749862,16.720962,input,track,joystick_y,0.866667
19757.78241,16.754142,input,track,joystick_y,0.866667
19757.816211,16.78782,input,track,joystick_y,0.866667
19757.84946,16.821095,input,track,joystick_y,0.866667
19757.882363,16.854082,input,track,joystick_y,0.866667
19757.916292,16.887452,input,track,joystick_y,0.866667
19757.949344,16.921075,input,track,joystick_y,0.866667
19757.982745,16.954411,input,track,joystick_y,0.866667
19758.015486,16.987305,input,track,joystick_y,0.866667
19758.049233,17.020781,input,track,joystick_y,0.866667
19758.082498,17.053697,input,track,joystick_y,0.85098
19758.115644,17.087255,input,track,joystick_y,0.85098
19758.148644,17.120228,input,track,joystick_y,0.827451
19758.18353,17.154956,input,track,joystick_y,0.811765
19758.216,17.187649,input,track,joystick_y,0.772549
19758.249971,17.221165,input,track,joystick_y,0.733333
19758.283101,17.25473,input,track,joystick_y,0.709804
19758.316033,17.287583,input,track,joystick_y,0.709804
19758.348857,17.320469,input,track,joystick_y,0.694118
19758.382214,17.353791,input,track,joystick_y,0.631373
19758.416042,17.387216,input,track,joystick_y,0.592157
19758.449059,17.4206,input,track,joystick_y,0.552941
19758.482421,17.454175,input,track,joystick_y,0.552941
19758.517197,17.48867,input,track,joystick_y,0.537255
19758.548738,17.520414,input,track,joystick_y,0.537255
19758.58263,17.553814,input,track,joystick_y,0.537255
19758.615318,17.586896,input,track,joystick_y,0.537255
19758.649142,17.620729,input,track,joystick_y,0.552941
19758.681871,17.653472,input,track,joystick_y,0.552941
19758.715181,17.686784,input,track,joystick_y,0.552941
19758.749354,17.720464,input,track,joystick_y,0.615686
19758.782438,17.754073,input,track,joystick_y,0.670588
19758.815036,17.786635,input,track,joystick_y,0.733333
19758.848405,17.81997,input,track,joystick_y,0.772549
19758.881693,17.853296,input,track,joystick_y,0.772549
19758.915979,17.886979,input,track,joystick_y,0.772549
19758.948275,17.919787,input,track,joystick_y,0.772549
19758.981832,17.953378,input,track,joystick_y,0.772549
19759.014609,17.986342,input,track,joystick_y,0.788235
19759.046201,18.017957,input,track,joystick_y,0.811765
19759.082166,18.053346,input,track,joystick_y,0.811765
19759.114967,18.086539,input,track,joystick_y,0.811765
19759.147552,18.119214,input,track,joystick_y,0.788235
19759.181499,18.153192,input,track,joystick_y,0.788235
19759.214581,18.186272,input,track,joystick_y,0.788235
19759.248602,18.219522,input,track,joystick_y,0.788235
19759.28182,18.253335,input,track,joystick_y,0.788235
19759.314898,18.286469,input,track,joystick_y,0.788235
19759.348068,18.3196,input,track,joystick_y,0.788235
19759.381041,18.352583,input,track,joystick_y,0.788235
19759.414734,18.386166,input,track,joystick_y,0.788235
19759.447921,18.419483,input,track,joystick_y,0.788235
19759.481516,18.452987,input,track,joystick_y,0.788235
19759.514045,18.485725,input,track,joystick_y,0.788235
19759.548502,18.520113,input,track,joystick_y,0.788235
19759.581683,18.552644,input,track,joystick_y,0.788235
19759.614424,18.586098,input,track,joystick_y,0.788235
19759.647543,18.619117,input,track,joystick_y,0.788235
19759.68054,18.6521,input,track,joystick_y,0.788235
19759.714337,18.685906,input,track,joystick_y,0.788235
19759.748146,18.719252,input,track,joystick_y,0.788235
19759.780888,18.752304,input,track,joystick_y,0.788235
19759.814399,18.785965,input,track,joystick_y,0.788235
19759.847351,18.819018,input,track,joystick_y,0.788235
19759.880641,18.852251,input,track,joystick_y,0.788235
19759.914596,18.885671,input,track,joystick_y,0.788235
19759.947631,18.919164,input,track,joystick_y,0.788235
19759.980576,18.952226,input,track,joystick_y,0.788235
19760.013437,18.985088,input,track,joystick_y,0.788235
19760.046736,19.018326,input,track,joystick_y,0.788235
19760.08126,19.05246,input,track,joystick_y,0.788235
19760.114045,19.085578,input,track,joystick_y,0.788235
19760.147167,19.118741,input,track,joystick_y,0.788235
19760.180187,19.151826,input,track,joystick_y,0.788235
19760.213761,19.185239,input,track,joystick_y,0.788235
19760.247715,19.218724,input,track,joystick_y,0.788235
19760.280855,19.252406,input,track,joystick_y,0.788235
19760.313753,19.285396,input,track,joystick_y,0.788235
19760.346718,19.318357,input,track,joystick_y,0.788235
19760.380278,19.351958,input,track,joystick_y,0.788235
19760.414128,19.385327,input,track,joystick_y,0.788235
19760.446939,19.418565,input,track,joystick_y,0.788235
19760.480453,19.452118,input,track,joystick_y,0.788235
19760.512986,19.484622,input,track,joystick_y,0.788235
19760.546938,19.518614,input,track,joystick_y,0.788235
19760.580339,19.551825,input,track,joystick_y,0.788235
19760.613286,19.58496,input,track,joystick_y,0.788235
19760.647004,19.618561,input,track,joystick_y,0.788235
19760.68026,19.651857,input,track,joystick_y,0.788235
19760.713744,19.685389,input,track,joystick_y,0.788235
19760.747531,19.718577,input,track,joystick_y,0.788235
19760.779821,19.751462,input,track,joystick_y,0.788235
19760.813124,19.784714,input,track,joystick_y,0.788235
19760.846568,19.818235,input,track,joystick_y,0.788235
19760.87982,19.851483,input,track,joystick_y,0.788235
19760.913082,19.884712,input,track,joystick_y,0.788235
19760.94615,19.917712,input,track,joystick_y,0.788235
19760.980227,19.951841,input,track,joystick_y,0.788235
19761.010743,19.982449,input,track,joystick_y,0.788235
19761.047413,20.018361,input,track,joystick_y,0.788235
19781.077239,40.048871,input,track,joystick_y,0.003922
19781.111061,40.082193,input,track,joystick_y,0.003922
19781.143093,40.114935,input,track,joystick_y,0.003922
19781.177314,40.148916,input,track,joystick_y,0.003922
19781.21044,40.182154,input,track,joystick_y,0.003922
19781.243978,40.215609,input,track,joystick_y,0.003922
19781.277312,40.248778,input,track,joystick_y,0.003922
19781.308436,40.279997,input,track,joystick_y,0.003922
19781.341106,40.312897,input,track,joystick_y,0.003922
19781.375539,40.347202,input,track,joystick_y,0.003922
19781.408337,40.379815,input,track,joystick_y,0.003922
19781.441021,40.412699,input,track,joystick_y,0.003922
19781.474332,40.446016,input,track,joystick_y,0.003922
19781.506807,40.478656,input,track,joystick_y,0.003922
19781.543838,40.515482,input,track,joystick_y,0.003922
19781.576576,40.548308,input,track,joystick_y,0.003922
19781.610135,40.581816,input,track,joystick_y,0.003922
19781.643907,40.615523,input,track,joystick_y,0.003922
19781.676747,40.64847,input,track,joystick_y,0.003922
19781.710041,40.681664,input,track,joystick_y,0.003922
19781.74299,40.714532,input,track,joystick_y,0.003922
19781.77611,40.747791,input,track,joystick_y,0.003922
19781.809431,40.78102,input,track,joystick_y,0.003922
19781.843483,40.815114,input,track,joystick_y,-0.003922
19781.877252,40.848823,input,track,joystick_y,-0.003922
19781.910104,40.881658,input,track,joystick_y,-0.003922
19781.943054,40.914698,input,track,joystick_y,-0.019608
19781.976537,40.948154,input,track,joystick_y,-0.05098
19782.010418,40.982009,input,track,joystick_y,-0.121569
19782.041345,41.012358,input,track,joystick_y,-0.129412
19782.076526,41.048257,input,track,joystick_y,-0.215686
19782.11006,41.081753,input,track,joystick_y,-0.32549
19782.142967,41.114678,input,track,joystick_y,-0.388235
19782.176481,41.148132,input,track,joystick_y,-0.498039
19782.209272,41.181061,input,track,joystick_y,-0.521569
19782.243286,41.214907,input,track,joystick_y,-0.568627
19782.276657,41.248252,input,track,joystick_y,-0.623529
19782.310204,41.281684,input,track,joystick_y,-0.662745
19782.343438,41.315201,input,track,joystick_y,-0.709804
19782.375598,41.347339,input,track,joystick_y,-0.74902
19782.409912,41.38166,input,track,joystick_y,-0.780392
19782.442956,41.414595,input,track,joystick_y,-0.764706
19782.476096,41.447788,input,track,joystick_y,-0.764706
19782.509107,41.480659,input,track,joystick_y,-0.764706
19782.542544,41.514286,input,track,joystick_y,-0.764706
19782.575096,41.54679,input,track,joystick_y,-0.764706
19782.609774,41.581162,input,track,joystick_y,-0.764706
19782.641888,41.613576,input,track,joystick_y,-0.74902
19782.675963,41.64767,input,track,joystick_y,-0.72549
19782.709537,41.681232,input,track,joystick_y,-0.694118
19782.742178,41.713953,input,track,joystick_y,-0.639216
19782.775907,41.747515,input,track,joystick_y,-0.639216
19782.808191,41.779951,input,track,joystick_y,-0.623529
19782.841857,41.813614,input,track,joystick_y,-0.623529
19782.875429,41.847124,input,track,joystick_y,-0.607843
19782.90861,41.880142,input,track,joystick_y,-0.607843
19782.94203,41.913625,input,track,joystick_y,-0.607843
19782.975723,41.947403,input,track,joystick_y,-0.607843
19783.009242,41.980816,input,track,joystick_y,-0.607843
19783.042152,42.013287,input,track,joystick_y,-0.607843
19783.075274,42.046978,input,track,joystick_y,-0.607843
19783.108587,42.080111,input,track,joystick_y,-0.607843
19783.141725,42.113413,input,track,joystick_y,-0.607843
19783.17505,42.146699,input,track,joystick_y,-0.607843
19783.208704,42.180296,input,track,joystick_y,-0.623529
19783.241649,42.213319,input,track,joystick_y,-0.623529
19783.275236,42.246793,input,track,joystick_y,-0.623529
19783.30747,42.279231,input,track,joystick_y,-0.623529
19783.342,42.313696,input,track,joystick_y,-0.607843
19783.374949,42.346637,input,track,joystick_y,-0.592157
19783.40874,42.38038,input,track,joystick_y,-0.568627
19783.441818,42.413374,input,track,joystick_y,-0.537255
19783.475007,42.44677,input,track,joystick_y,-0.513725
19783.507874,42.479571,input,track,joystick_y,-0.513725
19783.541552,42.513286,input,track,joystick_y,-0.513725
19783.575019,42.54668,input,track,joystick_y,-0.513725
19783.608251,42.579854,input,track,joystick_y,-0.498039
19783.641289,42.612947,input,track,joystick_y,-0.498039
19783.675578,42.647214,input,track,joystick_y,-0.498039
19783.708107,42.67963,input,track,joystick_y,-0.498039
19783.74126,42.712989,input,track,joystick_y,-0.498039
19783.774751,42.746293,input,track,joystick_y,-0.498039
19783.806844,42.77856,input,track,joystick_y,-0.498039
19783.841237,42.812895,input,track,joystick_y,-0.482353
19783.874567,42.846306,input,track,joystick_y,-0.482353
19783.907922,42.879555,input,track,joystick_y,-0.482353
19783.940795,42.912383,input,track,joystick_y,-0.482353
19783.974582,42.946191,input,track,joystick_y,-0.482353
19784.007957,42.979694,input,track,joystick_y,-0.482353
19784.041386,43.012457,input,track,joystick_y,-0.482353
19784.074361,43.046026,input,track,joystick_y,-0.482353
19784.107782,43.079344,input,track,joystick_y,-0.482353
19784.14081,43.112509,input,track,joystick_y,-0.482353
19784.174132,43.145762,input,track,joystick_y,-0.482353
19784.207485,43.179193,input,track,joystick_y,-0.466667
19784.24057,43.212258,input,track,joystick_y,-0.458824
19784.274312,43.245923,input,track,joystick_y,-0.458824
19784.307254,43.278899,input,track,joystick_y,-0.443137
19784.340774,43.312484,input,track,joystick_y,-0.427451
19784.373767,43.345527,input,track,joystick_y,-0.411765
19784.407801,43.379436,input,track,joystick_y,-0.372549
19784.441196,43.412675,input,track,joystick_y,-0.341176
19784.473909,43.445494,input,track,joystick_y,-0.32549
19784.507511,43.479254,input,track,joystick_y,-0.32549
19784.540727,43.512452,input,track,joystick_y,-0.270588
19784.57401,43.545645,input,track,joystick_y,-0.254902
19784.607214,43.578806,input,track,joystick_y,-0.254902
19784.640889,43.612614,input,track,joystick_y,-0.254902
19784.673716,43.645417,input,track,joystick_y,-0.254902
19784.706855,43.67849,input,track,joystick_y,-0.247059
19784.740502,43.712035,input,track,joystick_y,-0.247059
19784.773602,43.745173,input,track,joystick_y,-0.231373
19784.805477,43.777151,input,track,joystick_y,-0.215686
19784.84019,43.811879,input,track,joystick_y,-0.2
19784.87333,43.845013,input,track,joystick_y,-0.192157
19784.906601,43.878216,input,track,joystick_y,-0.192157
19784.94034,43.911899,input,track,joystick_y,-0.176471
19784.973804,43.945531,input,track,joystick_y,-0.192157
19785.006936,43.978527,input,track,joystick_y,-0.192157
19785.040696,44.011831,input,track,joystick_y,-0.176471
19785.073901,44.045614,input,track,joystick_y,-0.176471
19785.106954,44.078569,input,track,joystick_y,-0.176471
19785.140302,44.111888,input,track,joystick_y,-0.160784
19785.173689,44.145327,input,track,joystick_y,-0.145098
19785.205816,44.177498,input,track,joystick_y,-0.145098
19785.239878,44.211547,input,track,joystick_y,-0.145098
19785.273453,44.244992,input,track,joystick_y,-0.145098
19785.305585,44.277231,input,track,joystick_y,-0.145098
19785.340091,44.311699,input,track,joystick_y,-0.129412
19785.37324,44.344904,input,track,joystick_y,-0.129412
19785.406166,44.37792,input,track,joystick_y,-0.121569
19785.440073,44.411756,input,track,joystick_y,-0.090196
19785.472913,44.444643,input,track,joystick_y,-0.035294
19785.507306,44.478894,input,track,joystick_y,-0.019608
19785.538765,44.510464,input,track,joystick_y,-0.003922
19785.572629,44.544294,input,track,joystick_y,-0.003922
19785.606598,44.578165,input,track,joystick_y,-0.003922
19785.640954,44.612434,input,track,joystick_y,0.003922
19785.673175,44.644729,input,track,joystick_y,0.003922
19785.706841,44.678477,input,track,joystick_y,0.003922
19785.740144,44.711818,input,track,joystick_y,0.003922
19785.773271,44.744817,input,track,joystick_y,0.003922
19785.805689,44.777401,input,track,joystick_y,0.003922
19785.839532,44.811111,input,track,joystick_y,0.003922
19785.872702,44.844378,input,track,joystick_y,0.003922
19785.906053,44.877785,input,track,joystick_y,0.003922
19785.939619,44.911045,input,track,joystick_y,0.003922
19785.973174,44.944793,input,track,joystick_y,0.003922
19786.006079,44.977795,input,track,joystick_y,0.035294
19786.039377,45.01061,input,track,joystick_y,0.066667
19786.07257,45.044181,input,track,joystick_y,0.105882
19786.110591,45.077889,input,track,joystick_y,0.152941
19786.140532,45.111977,input,track,joystick_y,0.192157
19786.172756,45.14447,input,track,joystick_y,0.239216
19786.205743,45.177482,input,track,joystick_y,0.294118
19786.239384,45.211109,input,track,joystick_y,0.341176
19786.272374,45.244025,input,track,joystick_y,0.380392
19786.305047,45.276697,input,track,joystick_y,0.427451
19786.339806,45.311358,input,track,joystick_y,0.466667
19786.372173,45.343944,input,track,joystick_y,0.529412
19786.405581,45.377249,input,track,joystick_y,0.552941
19786.439501,45.410969,input,track,joystick_y,0.568627
19786.472343,45.444099,input,track,joystick_y,0.568627
19786.506235,45.477908,input,track,joystick_y,0.568627
19786.538875,45.510532,input,track,joystick_y,0.568627
19786.572401,45.544144,input,track,joystick_y,0.584314
19786.605679,45.57722,input,track,joystick_y,0.584314
19786.638208,45.609836,input,track,joystick_y,0.584314
19786.67147,45.6432,input,track,joystick_y,0.584314
19786.705729,45.677354,input,track,joystick_y,0.584314
19786.738343,45.710051,input,track,joystick_y,0.584314
19786.772686,45.744331,input,track,joystick_y,0.568627
19786.805376,45.777104,input,track,joystick_y,0.552941
19786.837945,45.80964,input,track,joystick_y,0.529412
19786.870028,45.841935,input,track,joystick_y,0.498039
19786.905684,45.8772,input,track,joystick_y,0.466667
19786.93839,45.909892,input,track,joystick_y,0.427451
19786.972387,45.943982,input,track,joystick_y,0.411765
19787.005188,45.976886,input,track,joystick_y,0.396078
19787.039094,46.010104,input,track,joystick_y,0.396078
19787.071759,46.04347,input,track,joystick_y,0.396078
19787.105117,46.076631,input,track,joystick_y,0.396078
19787.137936,46.109603,input,track,joystick_y,0.396078
19787.17175,46.14338,input,track,joystick_y,0.411765
19787.204703,46.176357,input,track,joystick_y,0.411765
19787.237684,46.209417,input,track,joystick_y,0.427451
19787.271472,46.243063,input,track,joystick_y,0.466667
19787.302122,46.273927,input,track,joystick_y,0.513725
19787.338691,46.310306,input,track,joystick_y,0.552941
19787.368804,46.340306,input,track,joystick_y,0.584314
19787.404778,46.376443,input,track,joystick_y,0.631373
19787.437643,46.40922,input,track,joystick_y,0.701961
19787.471024,46.442709,input,track,joystick_y,0.756863
19787.504449,46.476051,input,track,joystick_y,0.788235
19787.537432,46.509065,input,track,joystick_y,0.819608
19787.571481,46.543121,input,track,joystick_y,0.843137
19787.605167,46.576806,input,track,joystick_y,0.890196
19787.637791,46.609474,input,track,joystick_y,0.913725
19787.671137,46.642823,input,track,joystick_y,0.929412
19787.701745,46.673431,input,track,joystick_y,0.960784
19787.73565,46.707416,input,track,joystick_y,0.976471
19787.768041,46.739743,input,track,joystick_y,0.992157
19787.801787,46.773538,input,track,joystick_y,0.992157
19787.835004,46.806717,input,track,joystick_y,0.992157
19787.867184,46.838981,input,track,joystick_y,0.992157
19787.904982,46.876428,input,track,joystick_y,0.992157
19787.937436,46.909079,input,track,joystick_y,0.992157
19787.970861,46.942539,input,track,joystick_y,0.992157
19788.004531,46.976098,input,track,joystick_y,0.992157
19788.037929,47.008904,input,track,joystick_y,0.992157
19788.070282,47.042016,input,track,joystick_y,0.992157
19788.104371,47.075996,input,track,joystick_y,0.992157
19788.136999,47.108644,input,track,joystick_y,0.976471
19788.17067,47.14238,input,track,joystick_y,0.976471
19788.203574,47.17522,input,track,joystick_y,0.976471
19788.237604,47.209268,input,track,joystick_y,0.976471
19788.270413,47.242046,input,track,joystick_y,0.976471
19788.300105,47.27198,input,track,joystick_y,0.976471
19788.337391,47.308957,input,track,joystick_y,0.976471
19788.370332,47.341893,input,track,joystick_y,0.976471
19788.403397,47.375065,input,track,joystick_y,0.960784
19788.437358,47.40909,input,track,joystick_y,0.929412
19788.47026,47.441878,input,track,joystick_y,0.929412
19788.503557,47.475116,input,track,joystick_y,0.929412
19788.538768,47.510099,input,track,joystick_y,0.929412
19788.569426,47.541141,input,track,joystick_y,0.929412
19788.603655,47.575138,input,track,joystick_y,0.929412
19788.637598,47.609279,input,track,joystick_y,0.929412
19788.670039,47.641808,input,track,joystick_y,0.913725
19788.703149,47.674755,input,track,joystick_y,0.929412
19788.736877,47.708726,input,track,joystick_y,0.929412
19788.769801,47.74149,input,track,joystick_y,0.913725
19788.80251,47.774269,input,track,joystick_y,0.913725
19788.836735,47.808428,input,track,joystick_y,0.913725
19788.869847,47.841418,input,track,joystick_y,0.929412
19788.902994,47.874646,input,track,joystick_y,0.929412
19788.936595,47.908251,input,track,joystick_y,0.929412
19788.969202,47.941003,input,track,joystick_y,0.929412
19789.003535,47.97517,input,track,joystick_y,0.929412
19789.033603,48.00496,input,track,joystick_y,0.929412
19789.06941,48.041178,input,track,joystick_y,0.929412
19789.102958,48.074703,input,track,joystick_y,0.929412
19789.135114,48.106827,input,track,joystick_y,0.929412
19789.169565,48.141273,input,track,joystick_y,0.913725
19789.202807,48.174434,input,track,joystick_y,0.929412
19789.236637,48.208356,input,track,joystick_y,0.929412
19789.269127,48.24091,input,track,joystick_y,0.913725
19789.301348,48.273105,input,track,joystick_y,0.913725
19789.336464,48.308107,input,track,joystick_y,0.913725
19789.369319,48.340972,input,track,joystick_y,0.929412
19789.40191,48.373652,input,track,joystick_y,0.913725
19789.437375,48.408858,input,track,joystick_y,0.913725
19789.47018,48.441875,input,track,joystick_y,0.913725
19789.503154,48.474728,input,track,joystick_y,0.913725
19789.536055,48.507682,input,track,joystick_y,0.913725
19789.56791,48.539754,input,track,joystick_y,0.929412
19789.602279,48.573948,input,track,joystick_y,0.913725
19789.63636,48.608007,input,track,joystick_y,0.913725
19789.669042,48.640795,input,track,joystick_y,0.913725
19789.70261,48.674076,input,track,joystick_y,0.913725
19789.735715,48.707438,input,track,joystick_y,0.87451
19789.769211,48.740963,input,track,joystick_y,0.819608
19789.803097,48.774758,input,track,joystick_y,0.788235
19789.835406,48.807101,input,track,joystick_y,0.733333
19789.869539,48.84109,input,track,joystick_y,0.654902
19789.902446,48.874021,input,track,joystick_y,0.584314
19789.935697,48.907349,input,track,joystick_y,0.568627
19789.96926,48.940954,input,track,joystick_y,0.568627
19790.002684,48.974338,input,track,joystick_y,0.584314
19790.036228,49.007313,input,track,joystick_y,0.584314
19790.069348,49.04099,input,track,joystick_y,0.584314
19790.102844,49.074536,input,track,joystick_y,0.568627
19790.135442,49.107073,input,track,joystick_y,0.568627
19790.169068,49.140771,input,track,joystick_y,0.584314
19790.202397,49.174039,input,track,joystick_y,0.584314
19790.234708,49.206448,input,track,joystick_y,0.584314
19790.268678,49.240319,input,track,joystick_y,0.584314
19790.298549,49.270383,input,track,joystick_y,0.584314
19790.33563,49.307372,input,track,joystick_y,0.584314
19790.369137,49.340611,input,track,joystick_y,0.584314
19790.402528,49.374189,input,track,joystick_y,0.584314
19790.435401,49.407046,input,track,joystick_y,0.584314
19790.469215,49.440656,input,track,joystick_y,0.584314
19790.502165,49.4738,input,track,joystick_y,0.584314
19790.53549,49.507074,input,track,joystick_y,0.584314
19790.567852,49.539626,input,track,joystick_y,0.6
19790.601818,49.573493,input,track,joystick_y,0.6
19790.635088,49.60681,input,track,joystick_y,0.6
19790.668048,49.63979,input,track,joystick_y,0.6
19790.701846,49.673411,input,track,joystick_y,0.6
19790.734861,49.706518,input,track,joystick_y,0.6
19790.76787,49.739537,input,track,joystick_y,0.6
19790.802807,49.774524,input,track,joystick_y,0.6
19790.835194,49.806819,input,track,joystick_y,0.6
19790.867982,49.839656,input,track,joystick_y,0.584314
19790.901239,49.872871,input,track,joystick_y,0.568627
19790.933963,49.905722,input,track,joystick_y,0.552941
19790.968167,49.939838,input,track,joystick_y,0.545098
19791.001289,49.972924,input,track,joystick_y,0.529412
19791.034914,50.005953,input,track,joystick_y,0.529412
19791.067633,50.039374,input,track,joystick_y,0.529412
19791.101087,50.072772,input,track,joystick_y,0.529412
19791.134115,50.105863,input,track,joystick_y,0.529412
19791.167458,50.139136,input,track,joystick_y,0.513725
19791.200791,50.172439,input,track,joystick_y,0.513725
19791.234388,50.206095,input,track,joystick_y,0.498039
19791.267696,50.239361,input,track,joystick_y,0.466667
19791.298792,50.270536,input,track,joystick_y,0.411765
19791.334139,50.305844,input,track,joystick_y,0.372549
19791.367686,50.339234,input,track,joystick_y,0.32549
19791.400619,50.372392,input,track,joystick_y,0.278431
19791.434103,50.405744,input,track,joystick_y,0.254902
19791.467063,50.438681,input,track,joystick_y,0.254902
19791.500837,50.472479,input,track,joystick_y,0.270588
19791.537561,50.508718,input,track,joystick_y,0.254902
19791.564225,50.536001,input,track,joystick_y,0.254902
19791.600321,50.572005,input,track,joystick_y,0.239216
19791.633022,50.604647,input,track,joystick_y,0.223529
19791.666614,50.638376,input,track,joystick_y,0.207843
19791.699655,50.671394,input,track,joystick_y,0.223529
19791.732524,50.704196,input,track,joystick_y,0.223529
19791.766362,50.738105,input,track,joystick_y,0.270588
19791.799605,50.77133,input,track,joystick_y,0.32549
19791.832802,50.804484,input,track,joystick_y,0.380392
19791.866241,50.837948,input,track,joystick_y,0.443137
19791.899871,50.871637,input,track,joystick_y,0.498039
19791.933093,50.904872,input,track,joystick_y,0.552941
19791.965887,50.937592,input,track,joystick_y,0.584314
19791.99945,50.971203,input,track,joystick_y,0.631373
19792.033488,51.004667,input,track,joystick_y,0.686275
19792.066323,51.038152,input,track,joystick_y,0.717647
19792.100578,51.07219,input,track,joystick_y,0.733333
19792.133389,51.105076,input,track,joystick_y,0.741176
19792.167269,51.138972,input,track,joystick_y,0.741176
19792.199911,51.171603,input,track,joystick_y,0.741176
19792.233358,51.204994,input,track,joystick_y,0.741176
19792.267193,51.238907,input,track,joystick_y,0.741176
19792.299926,51.271684,input,track,joystick_y,0.756863
19792.333137,51.304828,input,track,joystick_y,0.788235
19792.366575,51.338354,input,track,joystick_y,0.803922
19792.399673,51.371342,input,track,joystick_y,0.803922
19792.432905,51.404627,input,track,joystick_y,0.819608
19792.466996,51.43863,input,track,joystick_y,0.827451
19792.499927,51.471617,input,track,joystick_y,0.858824
19792.53307,51.504837,input,track,joystick_y,0.87451
19792.566437,51.538138,input,track,joystick_y,0.905882
19792.599953,51.57162,input,track,joystick_y,0.913725
19792.633416,51.604977,input,track,joystick_y,0.913725
19792.666707,51.638393,input,track,joystick_y,0.913725
19792.699496,51.67117,input,track,joystick_y,0.913725
19792.733286,51.704974,input,track,joystick_y,0.913725
19792.766223,51.737996,input,track,joystick_y,0.913725
19792.800939,51.772605,input,track,joystick_y,0.913725
19792.833304,51.805021,input,track,joystick_y,0.913725
19792.866631,51.838369,input,track,joystick_y,0.913725
19792.899422,51.871112,input,track,joystick_y,0.913725
19792.932483,51.904081,input,track,joystick_y,0.913725
19792.966049,51.937677,input,track,joystick_y,0.929412
19792.999223,51.970901,input,track,joystick_y,0.929412
19793.033338,52.004648,input,track,joystick_y,0.945098
19793.066495,52.038182,input,track,joystick_y,0.976471
19793.09965,52.071299,input,track,joystick_y,1.0
19793.13234,52.103948,input,track,joystick_y,1.0
19793.166156,52.137773,input,track,joystick_y,1.0
19793.199273,52.170965,input,track,joystick_y,1.0
19793.23241,52.204122,input,track,joystick_y,1.0
19793.266473,52.238221,input,track,joystick_y,1.0
19793.299279,52.271034,input,track,joystick_y,1.0
19793.332625,52.304408,input,track,joystick_y,1.0
19793.365549,52.337322,input,track,joystick_y,1.0
19793.399095,52.370836,input,track,joystick_y,1.0
19793.431827,52.403542,input,track,joystick_y,1.0
19793.465881,52.437491,input,track,joystick_y,1.0
19793.499187,52.470815,input,track,joystick_y,1.0
19793.532588,52.504263,input,track,joystick_y,1.0
19793.565626,52.5373,input,track,joystick_y,1.0
19793.598737,52.570464,input,track,joystick_y,1.0
19793.632316,52.603926,input,track,joystick_y,1.0
19793.665343,52.636945,input,track,joystick_y,1.0
19793.698871,52.670531,input,track,joystick_y,1.0
19793.732145,52.703632,input,track,joystick_y,1.0
19793.765395,52.73703,input,track,joystick_y,1.0
19793.799712,52.771356,input,track,joystick_y,1.0
19793.832278,52.803949,input,track,joystick_y,1.0
19793.865668,52.837205,input,track,joystick_y,1.0
19793.898238,52.869889,input,track,joystick_y,1.0
19793.931316,52.903022,input,track,joystick_y,1.0
19793.964578,52.936199,input,track,joystick_y,1.0
19793.99776,52.969493,input,track,joystick_y,1.0
19794.032029,53.003146,input,track,joystick_y,1.0
19794.064144,53.035926,input,track,joystick_y,1.0
19794.098137,53.069839,input,track,joystick_y,1.0
19794.131173,53.102818,input,track,joystick_y,1.0
19794.16428,53.135942,input,track,joystick_y,1.0
19794.19758,53.169268,input,track,joystick_y,1.0
19794.230888,53.202614,input,track,joystick_y,1.0
19794.263629,53.235406,input,track,joystick_y,1.0
19794.297928,53.269527,input,track,joystick_y,1.0
19794.331578,53.30326,input,track,joystick_y,1.0
19794.363958,53.335724,input,track,joystick_y,1.0
19794.396733,53.368496,input,track,joystick_y,1.0
19794.430556,53.402286,input,track,joystick_y,1.0
19794.464399,53.436002,input,track,joystick_y,1.0
19794.49714,53.468847,input,track,joystick_y,1.0
19794.53029,53.501991,input,track,joystick_y,1.0
19794.563439,53.535194,input,track,joystick_y,1.0
19794.597572,53.569295,input,track,joystick_y,1.0
19794.630905,53.602511,input,track,joystick_y,1.0
19794.663506,53.635253,input,track,joystick_y,1.0
19794.696903,53.668645,input,track,joystick_y,1.0
19794.730057,53.701835,input,track,joystick_y,1.0
19794.763406,53.735167,input,track,joystick_y,1.0
19794.796909,53.768627,input,track,joystick_y,1.0
19794.830447,53.802116,input,track,joystick_y,1.0
19794.863709,53.83546,input,track,joystick_y,1.0
19794.896818,53.8685,input,track,joystick_y,1.0
19794.930151,53.901825,input,track,joystick_y,1.0
19794.963146,53.934844,input,track,joystick_y,1.0
19794.996947,53.968615,input,track,joystick_y,1.0
19795.030173,54.00149,input,track,joystick_y,1.0
19795.063435,54.035176,input,track,joystick_y,1.0
19795.096209,54.067951,input,track,joystick_y,1.0
19795.129598,54.101267,input,track,joystick_y,1.0
19795.163171,54.134932,input,track,joystick_y,1.0
19795.196638,54.168372,input,track,joystick_y,1.0
19795.229723,54.201461,input,track,joystick_y,1.0
19795.263441,54.23512,input,track,joystick_y,1.0
19795.296791,54.268412,input,track,joystick_y,1.0
19795.329597,54.301362,input,track,joystick_y,1.0
19795.361762,54.333386,input,track,joystick_y,1.0
19795.394582,54.366332,input,track,joystick_y,1.0
19795.427751,54.399448,input,track,joystick_y,1.0
19795.464024,54.435566,input,track,joystick_y,1.0
19795.497523,54.469149,input,track,joystick_y,1.0
19795.530289,54.501927,input,track,joystick_y,1.0
19795.563066,54.534732,input,track,joystick_y,1.0
19795.596202,54.567956,input,track,joystick_y,1.0
19795.630637,54.602018,input,track,joystick_y,1.0
19795.663296,54.635027,input,track,joystick_y,1.0
19795.697039,54.668733,input,track,joystick_y,1.0
19795.730483,54.70217,input,track,joystick_y,1.0
19795.763816,54.735506,input,track,joystick_y,1.0
19795.797484,54.769086,input,track,joystick_y,1.0
19795.83004,54.801793,input,track,joystick_y,1.0
19795.863218,54.834878,input,track,joystick_y,1.0
19795.897336,54.868942,input,track,joystick_y,1.0
19795.930074,54.901737,input,track,joystick_y,1.0
19795.962692,54.934181,input,track,joystick_y,1.0
19795.994106,54.965948,input,track,joystick_y,1.0
19796.033571,55.004538,input,track,joystick_y,1.0
19796.067328,55.038304,input,track,joystick_y,1.0
19796.093345,55.065119,input,track,joystick_y,1.0
19796.128017,55.099805,input,track,joystick_y,1.0
19796.162145,55.133916,input,track,joystick_y,1.0
19796.195785,55.167508,input,track,joystick_y,1.0
19796.228896,55.200602,input,track,joystick_y,1.0
19796.262457,55.234236,input,track,joystick_y,0.992157
19796.296036,55.267694,input,track,joystick_y,1.0
19796.328993,55.300747,input,track,joystick_y,1.0
19796.362774,55.334535,input,track,joystick_y,1.0
19796.395683,55.367351,input,track,joystick_y,1.0
19796.42937,55.401131,input,track,joystick_y,1.0
19796.462701,55.434401,input,track,joystick_y,1.0
19796.495536,55.467269,input,track,joystick_y,1.0
19796.528463,55.500156,input,track,joystick_y,1.0
19796.562039,55.533702,input,track,joystick_y,1.0
19796.596883,55.568362,input,track,joystick_y,1.0
19796.629808,55.601425,input,track,joystick_y,1.0
19796.66246,55.634218,input,track,joystick_y,1.0
19796.69608,55.667771,input,track,joystick_y,1.0
19796.729951,55.701588,input,track,joystick_y,1.0
19796.762164,55.733816,input,track,joystick_y,1.0
19796.795718,55.767397,input,track,joystick_y,1.0
19796.829296,55.801034,input,track,joystick_y,0.992157
19796.862574,55.834093,input,track,joystick_y,0.976471
19796.895964,55.867573,input,track,joystick_y,0.976471
19796.929157,55.900839,input,track,joystick_y,0.945098
19796.962306,55.934081,input,track,joystick_y,0.905882
19796.995909,55.96763,input,track,joystick_y,0.835294
19797.02936,56.000457,input,track,joystick_y,0.780392
19797.062348,56.033942,input,track,joystick_y,0.764706
19797.095602,56.067338,input,track,joystick_y,0.741176
19797.12932,56.101015,input,track,joystick_y,0.678431
19797.162564,56.134288,input,track,joystick_y,0.639216
19797.195666,56.167383,input,track,joystick_y,0.584314
19797.228928,56.200512,input,track,joystick_y,0.568627
19797.258927,56.230699,input,track,joystick_y,0.568627
19797.293431,56.264974,input,track,joystick_y,0.552941
19797.325631,56.29741,input,track,joystick_y,0.552941
19797.359438,56.331087,input,track,joystick_y,0.552941
19797.392318,56.363943,input,track,joystick_y,0.537255
19797.4259,56.397794,input,track,joystick_y,0.537255
19797.460239,56.431852,input,track,joystick_y,0.537255
19797.495085,56.466678,input,track,joystick_y,0.537255
19797.528381,56.499991,input,track,joystick_y,0.537255
19797.561876,56.5334,input,track,joystick_y,0.529412
19797.595099,56.566739,input,track,joystick_y,0.498039
19797.628062,56.59975,input,track,joystick_y,0.458824
19797.66192,56.633589,input,track,joystick_y,0.403922
19797.695257,56.666963,input,track,joystick_y,0.356863
19797.7281,56.69962,input,track,joystick_y,0.356863
19797.761731,56.733417,input,track,joystick_y,0.356863
19797.79512,56.7667,input,track,joystick_y,0.372549
19797.828204,56.799808,input,track,joystick_y,0.372549
19797.86148,56.833167,input,track,joystick_y,0.372549
19797.894323,56.865898,input,track,joystick_y,0.372549
19797.9272,56.898788,input,track,joystick_y,0.388235
19797.961042,56.932633,input,track,joystick_y,0.403922
19797.994398,56.966021,input,track,joystick_y,0.403922
19798.027308,56.999001,input,track,joystick_y,0.411765
19798.059919,57.031485,input,track,joystick_y,0.443137
19798.094076,57.065752,input,track,joystick_y,0.482353
19798.12738,57.099016,input,track,joystick_y,0.513725
19798.160788,57.132388,input,track,joystick_y,0.537255
19798.194285,57.165925,input,track,joystick_y,0.552941
19798.22707,57.198686,input,track,joystick_y,0.552941
19798.261687,57.233146,input,track,joystick_y,0.568627
19798.297139,57.268529,input,track,joystick_y,0.584314
19798.32753,57.299253,input,track,joystick_y,0.6
19798.360911,57.332667,input,track,joystick_y,0.670588
19798.394429,57.366037,input,track,joystick_y,0.678431
19798.427742,57.39942,input,track,joystick_y,0.678431
19798.46079,57.432549,input,track,joystick_y,0.678431
19798.493907,57.465602,input,track,joystick_y,0.678431
19798.526311,57.49812,input,track,joystick_y,0.670588
19798.558666,57.53031,input,track,joystick_y,0.670588
19798.594274,57.565945,input,track,joystick_y,0.670588
19798.627619,57.599276,input,track,joystick_y,0.670588
19798.660705,57.632365,input,track,joystick_y,0.670588
19798.694114,57.66578,input,track,joystick_y,0.670588
19798.727645,57.699208,input,track,joystick_y,0.607843
19798.760297,57.73203,input,track,joystick_y,0.568627
19798.794042,57.765745,input,track,joystick_y,0.552941
19798.826932,57.798666,input,track,joystick_y,0.552941
19798.859943,57.831656,input,track,joystick_y,0.552941
19798.893184,57.864791,input,track,joystick_y,0.552941
19798.927091,57.898767,input,track,joystick_y,0.552941
19798.960586,57.932251,input,track,joystick_y,0.552941
19798.993758,57.965482,input,track,joystick_y,0.552941
19799.026945,57.99862,input,track,joystick_y,0.552941
19799.060115,58.031758,input,track,joystick_y,0.552941
19799.093347,58.065026,input,track,joystick_y,0.552941
19799.126944,58.098673,input,track,joystick_y,0.552941
19799.160233,58.131902,input,track,joystick_y,0.552941
19799.193688,58.165288,input,track,joystick_y,0.552941
19799.227235,58.198869,input,track,joystick_y,0.552941
19799.260223,58.231863,input,track,joystick_y,0.552941
19799.294757,58.266125,input,track,joystick_y,0.552941
19799.325895,58.297694,input,track,joystick_y,0.552941
19799.360009,58.33166,input,track,joystick_y,0.552941
19799.397659,58.36915,input,track,joystick_y,0.552941
19799.426952,58.398619,input,track,joystick_y,0.552941
19799.460136,58.431684,input,track,joystick_y,0.552941
19799.493412,58.46496,input,track,joystick_y,0.552941
19799.525631,58.497428,input,track,joystick_y,0.552941
19799.560003,58.531626,input,track,joystick_y,0.552941
19799.593719,58.565356,input,track,joystick_y,0.552941
19799.626347,58.598071,input,track,joystick_y,0.552941
19799.659432,58.631083,input,track,joystick_y,0.552941
19799.693196,58.664915,input,track,joystick_y,0.552941
19799.726671,58.698245,input,track,joystick_y,0.552941
19799.759421,58.731123,input,track,joystick_y,0.552941
19799.792909,58.76458,input,track,joystick_y,0.537255
19799.827034,58.79863,input,track,joystick_y,0.529412
19799.859504,58.831191,input,track,joystick_y,0.513725
19799.89312,58.864721,input,track,joystick_y,0.513725
19799.926708,58.898384,input,track,joystick_y,0.482353
19799.959432,58.931132,input,track,joystick_y,0.47451
19799.992987,58.964481,input,track,joystick_y,0.458824
19800.025908,58.997635,input,track,joystick_y,0.458824
19800.059197,59.030871,input,track,joystick_y,0.458824
19800.092668,59.064295,input,track,joystick_y,0.458824
19800.125872,59.097533,input,track,joystick_y,0.458824
19800.159212,59.130867,input,track,joystick_y,0.458824
19800.192644,59.164351,input,track,joystick_y,0.443137
19800.225891,59.197555,input,track,joystick_y,0.427451
19800.258737,59.230434,input,track,joystick_y,0.443137
19800.292904,59.264582,input,track,joystick_y,0.443137
19800.326325,59.297791,input,track,joystick_y,0.427451
19800.359038,59.330766,input,track,joystick_y,0.411765
19800.392506,59.364187,input,track,joystick_y,0.403922
19800.425713,59.397431,input,track,joystick_y,0.388235
19800.459034,59.430687,input,track,joystick_y,0.388235
19800.492693,59.463947,input,track,joystick_y,0.372549
19800.524645,59.496296,input,track,joystick_y,0.372549
19800.558764,59.530409,input,track,joystick_y,0.372549
19800.591571,59.563285,input,track,joystick_y,0.372549
19800.625034,59.596744,input,track,joystick_y,0.372549
19800.659516,59.630664,input,track,joystick_y,0.372549
19800.69237,59.664066,input,track,joystick_y,0.372549
19800.726001,59.69769,input,track,joystick_y,0.372549
19800.759186,59.730925,input,track,joystick_y,0.388235
19800.7923,59.764044,input,track,joystick_y,0.388235
19800.826431,59.797626,input,track,joystick_y,0.388235
19800.858777,59.830479,input,track,joystick_y,0.372549
19800.892369,59.864033,input,track,joystick_y,0.372549
19800.925339,59.897074,input,track,joystick_y,0.372549
19800.959418,59.931042,input,track,joystick_y,0.356863
19800.992974,59.964153,input,track,joystick_y,0.356863
19801.025208,59.996841,input,track,joystick_y,0.356863
19801.059065,60.030697,input,track,joystick_y,0.356863
